ID_Transacao,ID_Cliente,ID_Produto,Data,Valor_Transacao,Status_Pagamento,Dias_Atraso,Rating_Risco
500001,1089,103,2025-02-17,26073.49,Liquidado,0,A
500002,1072,101,2025-03-02,2069.25,Liquidado,0,D
500003,1247,103,2025-12-03,13993.79,Em Dia,0,A
500004,1129,102,2025-01-26,40070.95,Liquidado,0,A
500005,1212,102,2025-10-19,35038.49,Em Dia,0,A
500006,1172,101,2025-09-14,6169.69,Liquidado,0,D
500007,1087,101,2025-01-08,2945.5,Em Dia,0,C
500008,1096,101,2025-04-23,21977.86,Liquidado,0,D
500009,1075,104,2025-12-21,20841.48,Liquidado,0,B
500010,1167,103,2025-09-10,15348.42,Em Dia,0,B
500011,1239,102,2025-06-29,34883.24,Liquidado,0,A
500012,1054,101,2025-07-26,4545.31,Em Dia,0,D
500013,1088,104,2025-10-30,380723.09,Em Dia,0,C
500014,1203,101,2025-05-07,1592.79,Liquidado,0,C
500015,1157,101,2025-02-25,3825.68,Liquidado,0,C
500016,1054,102,2025-08-02,45761.25,Em Atraso,10,A
500017,1218,104,2025-01-14,52587.89,Liquidado,0,B
500018,1016,101,2025-01-28,3423.47,Liquidado,0,B
500019,1099,101,2025-03-19,19503.56,Em Dia,0,D
500020,1020,104,2025-08-04,34920.91,Em Dia,0,D
500021,1046,101,2025-12-31,6390.3,Liquidado,0,B
500022,1195,101,2025-06-03,10363.0,Em Dia,0,C
500023,1193,102,2025-01-14,43660.13,Liquidado,0,A
500024,1127,103,2025-07-06,12137.41,Em Dia,0,A
500025,1058,102,2025-11-08,64361.3,Em Dia,0,B
500026,1181,104,2025-01-07,132426.61,Em Dia,0,B
500027,1111,103,2025-01-03,19140.51,Em Dia,0,A
500028,1129,101,2025-04-21,9476.45,Liquidado,0,B
500029,1081,104,2025-08-26,242624.9,Liquidado,0,C
500030,1194,102,2025-12-29,37902.32,Em Dia,0,A
500031,1157,101,2025-08-27,13012.98,Em Dia,0,B
500032,1084,102,2025-10-01,44452.23,Em Dia,0,A
500033,1070,101,2025-10-21,2109.58,Em Dia,0,D
500034,1008,101,2025-08-15,36014.55,Em Dia,0,D
500035,1029,101,2025-01-15,11229.12,Em Dia,0,C
500036,1112,102,2025-07-11,42050.07,Liquidado,0,A
500037,1179,103,2025-04-29,10482.26,Em Dia,0,A
500038,1161,102,2025-01-28,80073.17,Em Dia,0,A
500039,1131,104,2025-07-21,24656.8,Em Atraso,67,F
500040,1188,101,2025-02-08,2697.95,Em Dia,0,D
500041,1163,101,2025-09-30,8087.02,Liquidado,0,C
500042,1197,101,2025-08-19,4796.13,Em Dia,0,B
500043,1219,101,2025-03-27,8096.76,Liquidado,0,E
500044,1108,101,2025-05-06,9280.11,Em Atraso,83,E
500045,1204,103,2025-10-27,20327.14,Em Dia,0,B
500046,1212,104,2025-01-25,209012.21,Em Dia,0,C
500047,1109,104,2025-05-25,114628.07,Liquidado,0,B
500048,1020,101,2025-01-13,1839.51,Liquidado,0,D
500049,1073,103,2025-07-31,16902.2,Liquidado,0,A
500050,1167,101,2025-01-25,7019.69,Em Dia,0,B
500051,1004,101,2025-03-09,1632.76,Em Atraso,84,D
500052,1243,103,2025-03-08,17127.19,Em Dia,0,A
500053,1246,103,2025-08-21,7879.16,Liquidado,0,A
500054,1019,101,2025-04-19,4457.86,Liquidado,0,B
500055,1102,102,2025-05-26,39152.47,Em Dia,0,A
500056,1219,101,2025-04-21,6715.53,Em Dia,0,C
500057,1173,103,2025-08-16,16466.42,Em Dia,0,B
500058,1171,102,2025-04-21,10388.22,Em Dia,0,A
500059,1141,104,2025-02-03,158689.22,Em Dia,0,B
500060,1141,101,2025-04-21,13321.52,Em Atraso,107,E
500061,1188,101,2025-09-21,5186.01,Em Dia,0,B
500062,1185,102,2025-08-24,37502.08,Liquidado,0,A
500063,1086,102,2025-03-24,44782.28,Em Dia,0,A
500064,1220,101,2025-02-11,5502.25,Em Dia,0,C
500065,1052,103,2025-04-11,21662.74,Em Dia,0,B
500066,1111,103,2025-01-06,6797.76,Em Dia,0,B
500067,1181,104,2025-06-29,202805.15,Em Atraso,135,E
500068,1109,103,2025-10-09,10923.14,Liquidado,0,A
500069,1086,103,2025-11-16,12974.67,Em Dia,0,A
500070,1043,102,2025-08-14,64934.23,Em Atraso,43,A
500071,1211,103,2025-11-11,15431.04,Em Dia,0,B
500072,1200,101,2025-12-31,6673.22,Em Dia,0,E
500073,1244,101,2025-08-17,13256.28,Em Atraso,146,E
500074,1200,101,2025-10-16,5447.23,Em Dia,0,D
500075,1042,102,2025-05-30,46251.59,Liquidado,0,A
500076,1090,101,2025-10-04,5820.54,Liquidado,0,C
500077,1240,104,2025-07-17,190539.42,Em Dia,0,E
500078,1115,101,2025-03-11,10211.22,Em Dia,0,C
500079,1026,101,2025-04-22,1143.67,Em Dia,0,C
500080,1151,102,2025-01-04,36121.59,Em Dia,0,A
500081,1043,101,2025-12-16,3566.78,Em Atraso,3,C
500082,1077,101,2025-11-27,1963.22,Em Atraso,5,D
500083,1156,101,2025-11-14,6772.8,Em Dia,0,D
500084,1137,102,2025-12-16,56510.77,Liquidado,0,A
500085,1020,102,2025-04-05,38619.17,Em Dia,0,A
500086,1184,103,2025-06-01,15348.95,Em Dia,0,A
500087,1211,103,2025-11-07,20830.79,Em Dia,0,A
500088,1240,102,2025-05-17,51938.49,Liquidado,0,A
500089,1039,101,2025-09-04,11364.6,Liquidado,0,B
500090,1179,101,2025-08-31,2534.28,Em Atraso,97,E
500091,1012,103,2025-01-31,20734.53,Em Dia,0,B
500092,1207,101,2025-02-09,3894.56,Em Dia,0,B
500093,1223,101,2025-08-17,5164.04,Em Dia,0,C
500094,1183,103,2025-02-05,7561.35,Liquidado,0,A
500095,1206,102,2025-08-11,54075.25,Em Dia,0,B
500096,1011,101,2025-01-06,2360.77,Em Dia,0,D
500097,1154,101,2025-11-18,2158.66,Em Dia,0,C
500098,1042,104,2025-08-08,299075.41,Em Dia,0,C
500099,1155,103,2025-03-16,21363.18,Liquidado,0,A
500100,1011,103,2025-01-04,13005.61,Em Dia,0,A
500101,1038,102,2025-12-01,38555.89,Em Dia,0,A
500102,1098,102,2025-05-14,70663.21,Liquidado,0,A
500103,1171,104,2025-04-28,144669.04,Em Atraso,125,F
500104,1019,104,2025-04-04,40095.08,Liquidado,0,B
500105,1192,101,2025-03-03,6607.84,Em Dia,0,C
500106,1134,103,2025-07-13,15175.05,Em Dia,0,A
500107,1174,101,2025-12-01,1353.54,Liquidado,0,C
500108,1116,101,2025-07-22,4238.12,Em Atraso,121,E
500109,1230,103,2025-01-26,13328.84,Em Dia,0,B
500110,1113,102,2025-06-22,50630.2,Liquidado,0,A
500111,1170,104,2025-10-27,55555.63,Liquidado,0,B
500112,1220,101,2025-05-13,5936.77,Em Dia,0,C
500113,1065,102,2025-11-22,24327.67,Liquidado,0,A
500114,1099,104,2025-04-28,303641.74,Liquidado,0,C
500115,1232,104,2025-11-20,49258.03,Em Atraso,154,E
500116,1072,101,2025-10-02,3155.37,Liquidado,0,B
500117,1187,101,2025-07-31,1598.82,Em Dia,0,C
500118,1052,103,2025-08-13,16485.53,Em Dia,0,A
500119,1118,101,2025-01-20,3877.85,Em Atraso,113,E
500120,1175,104,2025-04-23,212431.86,Em Dia,0,B
500121,1120,104,2025-05-20,834219.89,Em Dia,0,B
500122,1007,101,2025-02-16,9099.02,Em Dia,0,D
500123,1011,101,2025-01-01,3146.19,Em Dia,0,C
500124,1103,101,2025-03-31,19236.88,Em Dia,0,B
500125,1061,104,2025-05-22,67074.53,Em Atraso,115,F
500126,1068,101,2025-11-16,8939.39,Em Dia,0,C
500127,1153,102,2025-02-07,56708.25,Liquidado,0,A
500128,1140,102,2025-10-20,45256.58,Em Dia,0,A
500129,1154,102,2025-05-19,37600.68,Em Dia,0,A
500130,1102,101,2025-12-22,8448.29,Em Dia,0,B
500131,1110,101,2025-11-29,1849.46,Em Atraso,132,E
500132,1140,104,2025-09-16,63485.57,Em Dia,0,C
500133,1171,104,2025-06-10,42279.81,Em Dia,0,C
500134,1051,103,2025-06-27,15956.93,Liquidado,0,A
500135,1117,101,2025-01-10,1404.14,Liquidado,0,B
500136,1165,101,2025-09-18,3364.6,Em Dia,0,C
500137,1046,103,2025-05-18,12229.86,Em Dia,0,A
500138,1053,101,2025-06-21,7996.16,Em Dia,0,C
500139,1088,104,2025-01-13,88131.66,Liquidado,0,E
500140,1208,103,2025-06-17,10231.83,Em Dia,0,C
500141,1121,101,2025-05-10,6714.98,Em Dia,0,B
500142,1013,104,2025-03-25,119473.63,Liquidado,0,B
500143,1089,104,2025-11-17,351520.65,Em Dia,0,C
500144,1125,101,2025-11-15,1377.29,Em Dia,0,D
500145,1118,102,2025-04-11,53264.42,Em Dia,0,A
500146,1054,101,2025-11-25,2328.92,Em Dia,0,E
500147,1185,101,2025-09-30,2863.97,Em Dia,0,C
500148,1116,101,2025-09-22,1881.4,Em Dia,0,B
500149,1118,102,2025-02-07,86275.87,Em Dia,0,A
500150,1004,104,2025-04-04,40967.52,Liquidado,0,D
500151,1075,102,2025-04-05,22612.91,Em Dia,0,A
500152,1224,101,2025-11-01,4556.58,Em Atraso,132,E
500153,1049,103,2025-03-10,19009.08,Liquidado,0,A
500154,1007,101,2025-11-14,1024.92,Em Dia,0,C
500155,1110,103,2025-08-24,11120.08,Liquidado,0,A
500156,1122,102,2025-11-30,42570.29,Liquidado,0,A
500157,1011,101,2025-05-17,4133.23,Liquidado,0,C
500158,1092,101,2025-03-17,10492.64,Liquidado,0,B
500159,1182,103,2025-02-04,12888.39,Liquidado,0,A
500160,1233,101,2025-01-01,5646.15,Em Dia,0,C
500161,1215,103,2025-10-23,11141.6,Liquidado,0,B
500162,1173,101,2025-11-16,14742.26,Em Dia,0,B
500163,1023,101,2025-03-01,1715.87,Em Dia,0,D
500164,1242,102,2025-11-16,53045.0,Em Dia,0,A
500165,1028,104,2025-12-15,177724.24,Liquidado,0,B
500166,1235,104,2025-11-24,21175.6,Em Dia,0,C
500167,1111,101,2025-09-24,5238.36,Em Dia,0,E
500168,1057,101,2025-12-27,24146.23,Liquidado,0,C
500169,1026,101,2025-08-17,3870.41,Em Dia,0,D
500170,1153,102,2025-09-27,39103.23,Liquidado,0,A
500171,1054,102,2025-11-12,58875.82,Liquidado,0,A
500172,1029,104,2025-10-13,292799.42,Liquidado,0,F
500173,1211,104,2025-10-18,32186.69,Em Atraso,132,E
500174,1097,101,2025-08-01,6568.27,Em Dia,0,B
500175,1164,102,2025-06-14,67425.72,Liquidado,0,B
500176,1014,103,2025-01-05,8327.94,Em Dia,0,B
500177,1078,103,2025-12-05,12367.29,Liquidado,0,A
500178,1035,101,2025-03-19,1057.49,Em Dia,0,C
500179,1030,101,2025-03-03,23279.39,Liquidado,0,C
500180,1092,102,2025-05-12,49661.03,Liquidado,0,A
500181,1017,101,2025-03-30,3413.75,Em Dia,0,E
500182,1195,101,2025-08-25,3111.8,Em Atraso,27,C
500183,1208,101,2025-02-11,4517.17,Em Dia,0,E
500184,1238,103,2025-03-30,18959.2,Em Dia,0,B
500185,1158,101,2025-10-23,6692.1,Liquidado,0,B
500186,1244,101,2025-11-24,6763.38,Liquidado,0,B
500187,1093,101,2025-10-22,2042.35,Em Dia,0,B
500188,1173,103,2025-04-14,16818.82,Em Dia,0,A
500189,1079,103,2025-01-14,14735.34,Em Dia,0,A
500190,1110,102,2025-10-15,45130.7,Liquidado,0,B
500191,1248,102,2025-06-28,53565.98,Em Atraso,82,A
500192,1217,104,2025-05-05,34379.92,Em Dia,0,B
500193,1179,101,2025-12-19,9884.47,Em Dia,0,C
500194,1102,101,2025-01-23,2115.82,Em Dia,0,E
500195,1106,101,2025-03-04,10349.69,Em Atraso,173,E
500196,1047,101,2025-05-23,9357.45,Em Dia,0,B
500197,1181,101,2025-06-02,1331.96,Em Dia,0,B
500198,1064,104,2025-05-25,309576.34,Liquidado,0,B
500199,1246,103,2025-08-13,9158.79,Em Dia,0,B
500200,1244,102,2025-11-05,52819.13,Em Dia,0,A
500201,1250,104,2025-04-14,243633.45,Em Dia,0,C
500202,1166,101,2025-04-14,1257.59,Liquidado,0,C
500203,1064,101,2025-02-08,9876.97,Liquidado,0,B
500204,1087,102,2025-07-17,25351.98,Em Dia,0,A
500205,1217,103,2025-05-14,9772.4,Liquidado,0,B
500206,1234,101,2025-03-08,7270.85,Em Atraso,39,C
500207,1007,102,2025-06-28,44546.18,Em Dia,0,A
500208,1022,103,2025-02-11,15883.2,Liquidado,0,A
500209,1081,103,2025-01-15,15338.31,Em Dia,0,A
500210,1210,103,2025-04-21,15289.36,Liquidado,0,C
500211,1241,101,2025-06-06,7695.34,Liquidado,0,B
500212,1169,101,2025-10-16,5403.22,Liquidado,0,D
500213,1074,102,2025-08-19,54021.97,Em Dia,0,A
500214,1138,101,2025-06-06,2810.98,Liquidado,0,C
500215,1185,104,2025-02-07,51030.05,Em Dia,0,C
500216,1135,102,2025-04-07,24794.31,Liquidado,0,A
500217,1240,101,2025-10-16,5165.53,Liquidado,0,B
500218,1125,103,2025-09-11,10188.31,Em Dia,0,A
500219,1050,102,2025-07-15,44428.69,Em Dia,0,A
500220,1230,101,2025-03-27,4953.86,Em Atraso,24,D
500221,1219,103,2025-11-18,22895.59,Em Dia,0,B
500222,1052,103,2025-01-10,13499.12,Liquidado,0,A
500223,1161,103,2025-01-05,8644.48,Em Dia,0,C
500224,1001,101,2025-05-03,3015.02,Liquidado,0,B
500225,1236,102,2025-11-26,55987.83,Em Dia,0,A
500226,1181,103,2025-12-19,14466.89,Liquidado,0,A
500227,1188,101,2025-04-28,4544.98,Em Atraso,109,E
500228,1162,101,2025-10-21,4090.65,Em Dia,0,D
500229,1004,103,2025-06-08,15821.95,Em Dia,0,A
500230,1145,101,2025-10-30,5102.16,Liquidado,0,B
500231,1132,103,2025-08-16,17504.59,Em Atraso,56,C
500232,1171,102,2025-12-31,55818.35,Em Dia,0,A
500233,1246,102,2025-08-04,79423.24,Liquidado,0,A
500234,1218,101,2025-07-03,8067.13,Liquidado,0,C
500235,1004,103,2025-01-15,9377.44,Em Dia,0,A
500236,1001,101,2025-06-06,6662.3,Em Dia,0,C
500237,1071,102,2025-05-16,40171.76,Em Dia,0,A
500238,1222,103,2025-09-18,14590.3,Liquidado,0,A
500239,1178,103,2025-06-06,14883.55,Em Dia,0,A
500240,1201,104,2025-02-16,126021.02,Em Dia,0,D
500241,1189,102,2025-11-20,44984.53,Em Dia,0,A
500242,1035,101,2025-11-28,7014.97,Em Dia,0,B
500243,1008,104,2025-06-22,392663.32,Em Dia,0,B
500244,1152,103,2025-05-10,15195.17,Liquidado,0,B
500245,1211,101,2025-04-05,2826.84,Em Dia,0,C
500246,1036,101,2025-04-25,14823.87,Em Dia,0,B
500247,1178,103,2025-08-31,20311.85,Liquidado,0,A
500248,1244,101,2025-10-19,3581.12,Liquidado,0,B
500249,1123,103,2025-10-09,11186.61,Em Dia,0,C
500250,1043,102,2025-10-26,29202.97,Em Dia,0,A
500251,1027,101,2025-10-10,6016.1,Em Dia,0,D
500252,1032,103,2025-03-10,18809.95,Em Dia,0,A
500253,1078,101,2025-05-28,9815.85,Em Dia,0,E
500254,1121,102,2025-01-11,48720.61,Liquidado,0,A
500255,1146,102,2025-09-11,48154.67,Liquidado,0,A
500256,1156,102,2025-11-26,55026.03,Liquidado,0,A
500257,1157,103,2025-12-26,19725.08,Em Dia,0,A
500258,1016,103,2025-02-07,15501.44,Em Dia,0,A
500259,1099,103,2025-05-14,9161.3,Em Dia,0,A
500260,1047,101,2025-07-19,2829.16,Liquidado,0,C
500261,1187,101,2025-01-23,7613.0,Em Dia,0,C
500262,1031,102,2025-10-30,63530.66,Em Atraso,26,A
500263,1004,104,2025-12-12,133573.88,Em Dia,0,C
500264,1165,103,2025-10-29,15873.36,Liquidado,0,B
500265,1017,103,2025-12-29,18871.73,Em Dia,0,A
500266,1039,101,2025-08-06,3436.62,Em Dia,0,D
500267,1048,102,2025-05-21,51809.82,Em Dia,0,A
500268,1174,102,2025-04-14,40219.67,Liquidado,0,A
500269,1218,101,2025-07-29,1649.13,Em Dia,0,C
500270,1176,101,2025-04-21,1177.65,Em Dia,0,C
500271,1039,104,2025-04-14,35983.6,Em Atraso,52,D
500272,1233,101,2025-11-12,12870.21,Em Dia,0,B
500273,1132,101,2025-06-20,6766.17,Em Dia,0,C
500274,1030,101,2025-12-22,2330.85,Em Dia,0,C
500275,1158,104,2025-11-20,34098.47,Em Dia,0,C
500276,1022,102,2025-05-13,46895.35,Em Dia,0,A
500277,1203,103,2025-10-20,7926.59,Em Dia,0,A
500278,1066,104,2025-11-24,148614.73,Liquidado,0,C
500279,1108,101,2025-05-07,3435.71,Em Dia,0,C
500280,1012,103,2025-04-16,13806.25,Em Dia,0,A
500281,1222,101,2025-04-02,7122.96,Em Dia,0,E
500282,1036,101,2025-10-14,9755.44,Em Dia,0,C
500283,1018,103,2025-02-20,13724.95,Em Dia,0,B
500284,1090,103,2025-01-29,21723.72,Liquidado,0,A
500285,1181,101,2025-10-23,1204.04,Em Dia,0,C
500286,1199,101,2025-10-24,1410.66,Liquidado,0,B
500287,1001,102,2025-08-02,57364.2,Liquidado,0,A
500288,1127,101,2025-09-24,1502.69,Liquidado,0,B
500289,1186,101,2025-09-14,10247.84,Em Dia,0,B
500290,1090,101,2025-10-29,5194.78,Em Dia,0,E
500291,1087,101,2025-04-11,1862.09,Liquidado,0,B
500292,1090,103,2025-12-12,12722.02,Em Dia,0,A
500293,1237,101,2025-04-20,5372.78,Liquidado,0,B
500294,1134,101,2025-07-01,1315.35,Em Atraso,71,E
500295,1070,102,2025-11-09,53791.31,Liquidado,0,A
500296,1044,103,2025-01-01,20734.5,Em Dia,0,A
500297,1200,101,2025-11-15,6526.68,Em Dia,0,C
500298,1152,101,2025-02-24,3127.66,Em Dia,0,D
500299,1086,101,2025-05-29,2937.55,Liquidado,0,B
500300,1019,103,2025-11-05,15765.8,Em Dia,0,A
500301,1101,102,2025-05-17,47778.37,Liquidado,0,A
500302,1146,103,2025-07-21,13371.21,Em Dia,0,B
500303,1095,104,2025-11-09,62320.05,Em Dia,0,D
500304,1101,103,2025-04-27,9736.81,Em Dia,0,A
500305,1030,103,2025-06-03,13136.2,Liquidado,0,A
500306,1249,102,2025-10-18,39277.89,Em Dia,0,A
500307,1170,101,2025-03-04,4617.49,Em Dia,0,D
500308,1033,104,2025-09-01,163205.37,Em Dia,0,B
500309,1202,101,2025-01-25,14736.99,Em Dia,0,B
500310,1229,101,2025-03-31,2498.02,Em Dia,0,D
500311,1012,103,2025-03-16,22178.1,Em Dia,0,A
500312,1118,101,2025-10-21,1998.19,Em Dia,0,D
500313,1094,102,2025-07-29,36124.54,Em Dia,0,A
500314,1155,102,2025-12-13,43027.87,Liquidado,0,A
500315,1167,102,2025-01-17,63010.3,Em Dia,0,A
500316,1137,103,2025-05-08,18991.51,Em Dia,0,A
500317,1246,101,2025-12-30,12882.1,Em Atraso,67,C
500318,1149,102,2025-09-08,45624.32,Liquidado,0,A
500319,1076,102,2025-06-28,44047.41,Em Dia,0,A
500320,1247,103,2025-07-01,15280.41,Em Dia,0,C
500321,1029,103,2025-06-01,15111.82,Em Dia,0,B
500322,1161,101,2025-01-25,1435.81,Liquidado,0,B
500323,1235,103,2025-06-29,21098.37,Em Dia,0,A
500324,1190,101,2025-07-17,4632.14,Liquidado,0,B
500325,1117,104,2025-12-10,22943.98,Em Dia,0,B
500326,1015,101,2025-06-10,9842.56,Em Dia,0,D
500327,1002,103,2025-06-26,16469.86,Em Dia,0,B
500328,1180,101,2025-10-12,6540.79,Em Dia,0,C
500329,1231,101,2025-03-04,3257.65,Liquidado,0,D
500330,1117,102,2025-05-30,15765.47,Em Dia,0,A
500331,1172,103,2025-06-03,20876.9,Liquidado,0,A
500332,1182,102,2025-06-05,55343.74,Em Dia,0,A
500333,1018,104,2025-02-18,277688.34,Liquidado,0,C
500334,1003,102,2025-12-03,44400.94,Em Dia,0,A
500335,1135,102,2025-03-25,30996.25,Liquidado,0,A
500336,1171,101,2025-12-27,5941.6,Liquidado,0,B
500337,1210,103,2025-06-26,16969.27,Em Dia,0,A
500338,1236,101,2025-05-28,6937.86,Em Dia,0,C
500339,1166,103,2025-04-28,16718.93,Em Dia,0,A
500340,1165,104,2025-12-08,121366.47,Em Dia,0,B
500341,1186,104,2025-03-04,68342.69,Em Dia,0,C
500342,1161,102,2025-07-08,50285.13,Liquidado,0,A
500343,1108,103,2025-12-26,21704.01,Liquidado,0,B
500344,1187,103,2025-02-18,14268.33,Em Dia,0,A
500345,1095,101,2025-11-23,1575.86,Em Dia,0,C
500346,1122,103,2025-09-14,11667.07,Em Dia,0,A
500347,1011,101,2025-08-12,28417.94,Em Atraso,52,B
500348,1068,102,2025-05-21,53488.79,Em Dia,0,A
500349,1123,101,2025-08-03,1794.09,Liquidado,0,C
500350,1210,101,2025-07-30,5723.64,Em Dia,0,E
500351,1196,101,2025-11-14,8231.57,Liquidado,0,B
500352,1113,102,2025-02-01,45448.41,Liquidado,0,A
500353,1098,103,2025-06-07,11797.44,Liquidado,0,A
500354,1093,101,2025-10-12,6344.62,Em Dia,0,E
500355,1216,102,2025-11-01,40775.84,Em Dia,0,B
500356,1022,101,2025-10-13,4034.95,Liquidado,0,B
500357,1194,102,2025-05-24,37622.51,Em Dia,0,A
500358,1172,103,2025-01-19,8834.09,Em Dia,0,A
500359,1127,102,2025-01-18,51400.53,Liquidado,0,A
500360,1134,103,2025-09-14,17411.6,Em Dia,0,A
500361,1170,101,2025-03-19,2226.21,Em Dia,0,B
500362,1025,103,2025-06-24,12654.35,Liquidado,0,A
500363,1247,102,2025-07-13,72790.05,Liquidado,0,A
500364,1185,102,2025-04-23,51749.93,Em Dia,0,A
500365,1085,103,2025-04-24,17560.11,Liquidado,0,A
500366,1055,101,2025-08-10,16892.1,Em Dia,0,C
500367,1144,103,2025-06-15,16425.65,Em Dia,0,A
500368,1095,103,2025-11-15,17612.12,Em Dia,0,B
500369,1142,101,2025-05-12,4352.64,Liquidado,0,B
500370,1167,101,2025-09-21,3074.28,Em Dia,0,B
500371,1156,101,2025-02-24,8653.66,Em Dia,0,C
500372,1224,104,2025-12-25,47474.44,Em Dia,0,F
500373,1220,103,2025-05-11,11982.47,Em Dia,0,A
500374,1179,101,2025-10-15,11357.29,Liquidado,0,D
500375,1119,101,2025-09-23,11870.77,Liquidado,0,B
500376,1177,102,2025-06-11,71821.24,Em Dia,0,A
500377,1009,103,2025-03-28,22523.04,Em Dia,0,B
500378,1186,101,2025-02-24,18155.26,Em Dia,0,E
500379,1173,101,2025-10-15,10470.41,Em Dia,0,C
500380,1150,103,2025-06-27,12709.49,Em Dia,0,A
500381,1160,101,2025-12-15,2200.57,Em Atraso,23,C
500382,1197,101,2025-01-08,5749.77,Liquidado,0,C
500383,1215,104,2025-11-17,40081.3,Em Dia,0,C
500384,1197,103,2025-11-09,15583.27,Em Dia,0,B
500385,1042,101,2025-09-04,5029.72,Liquidado,0,B
500386,1053,101,2025-11-19,3284.12,Liquidado,0,C
500387,1224,101,2025-09-12,4777.17,Em Atraso,135,E
500388,1187,101,2025-11-24,1092.6,Liquidado,0,D
500389,1074,103,2025-02-23,16137.54,Em Dia,0,A
500390,1039,102,2025-09-06,20963.42,Liquidado,0,A
500391,1122,103,2025-08-27,16393.03,Liquidado,0,A
500392,1015,104,2025-08-17,203981.02,Em Atraso,111,F
500393,1199,102,2025-03-08,65756.87,Em Dia,0,A
500394,1157,101,2025-02-20,19762.95,Liquidado,0,B
500395,1123,102,2025-04-07,36316.06,Em Dia,0,A
500396,1111,104,2025-04-02,551095.73,Em Atraso,164,E
500397,1131,103,2025-09-21,16480.23,Em Dia,0,C
500398,1083,101,2025-10-18,2951.82,Em Atraso,124,E
500399,1010,103,2025-04-06,12989.09,Em Dia,0,A
500400,1092,102,2025-03-29,52235.27,Liquidado,0,A
500401,1029,104,2025-03-19,107961.26,Liquidado,0,E
500402,1207,101,2025-10-15,3196.68,Liquidado,0,D
500403,1035,102,2025-04-30,65599.73,Em Dia,0,A
500404,1006,103,2025-10-29,12171.17,Em Dia,0,A
500405,1140,102,2025-06-14,90231.42,Em Dia,0,A
500406,1111,102,2025-07-01,40093.1,Liquidado,0,A
500407,1038,101,2025-08-11,2350.11,Em Dia,0,D
500408,1077,101,2025-11-07,5806.69,Em Atraso,91,E
500409,1093,101,2025-01-07,6070.96,Liquidado,0,D
500410,1147,104,2025-11-26,499153.41,Em Dia,0,C
500411,1067,101,2025-09-20,4883.36,Em Atraso,31,C
500412,1136,102,2025-06-10,58105.76,Liquidado,0,A
500413,1008,103,2025-05-31,22745.11,Liquidado,0,A
500414,1247,101,2025-03-26,2470.24,Liquidado,0,B
500415,1122,102,2025-05-27,36804.24,Em Dia,0,A
500416,1084,103,2025-04-22,14302.93,Liquidado,0,A
500417,1175,103,2025-02-05,19345.92,Em Dia,0,A
500418,1132,103,2025-10-12,16783.04,Em Dia,0,C
500419,1179,103,2025-07-07,22550.5,Em Dia,0,A
500420,1085,101,2025-03-23,20903.73,Em Atraso,67,C
500421,1195,104,2025-01-02,149846.78,Em Dia,0,B
500422,1045,101,2025-10-30,2604.97,Em Dia,0,B
500423,1136,103,2025-07-16,11139.14,Em Dia,0,A
500424,1087,101,2025-01-11,2699.92,Em Dia,0,B
500425,1016,104,2025-08-22,87329.19,Em Dia,0,C
500426,1077,103,2025-07-14,18326.17,Liquidado,0,A
500427,1195,103,2025-04-29,15485.04,Liquidado,0,B
500428,1240,101,2025-01-20,4928.91,Em Atraso,93,E
500429,1009,102,2025-09-18,63796.87,Liquidado,0,A
500430,1060,103,2025-10-20,10616.83,Em Dia,0,A
500431,1078,103,2025-09-13,13579.77,Liquidado,0,B
500432,1077,101,2025-08-10,1521.36,Em Dia,0,D
500433,1245,104,2025-08-14,68109.83,Em Dia,0,B
500434,1249,103,2025-02-22,17675.94,Em Dia,0,B
500435,1071,101,2025-12-21,1684.93,Liquidado,0,D
500436,1015,103,2025-12-08,11330.89,Em Dia,0,B
500437,1071,102,2025-12-30,21487.18,Em Dia,0,A
500438,1102,102,2025-10-07,40015.77,Em Dia,0,A
500439,1226,101,2025-03-22,5183.92,Em Dia,0,B
500440,1169,102,2025-07-21,46234.13,Em Dia,0,A
500441,1022,103,2025-06-07,16785.18,Em Dia,0,C
500442,1152,102,2025-04-30,37706.47,Liquidado,0,A
500443,1113,103,2025-02-28,13848.59,Em Dia,0,C
500444,1229,103,2025-08-03,18993.47,Em Dia,0,A
500445,1172,103,2025-05-08,18990.04,Em Dia,0,A
500446,1001,101,2025-08-12,2344.86,Em Dia,0,C
500447,1010,103,2025-07-28,19715.82,Em Dia,0,A
500448,1235,102,2025-04-25,55604.47,Liquidado,0,A
500449,1208,101,2025-07-28,3327.56,Em Atraso,68,C
500450,1110,101,2025-01-14,2786.16,Liquidado,0,C
500451,1200,102,2025-01-09,78120.63,Em Dia,0,A
500452,1184,103,2025-02-09,8161.18,Em Dia,0,A
500453,1113,101,2025-08-25,2777.07,Liquidado,0,D
500454,1217,103,2025-10-08,15875.8,Em Dia,0,A
500455,1050,101,2025-12-25,4850.24,Liquidado,0,E
500456,1012,102,2025-07-20,71297.56,Em Dia,0,A
500457,1089,104,2025-09-03,214113.67,Liquidado,0,D
500458,1209,103,2025-10-05,23121.79,Em Dia,0,A
500459,1188,101,2025-08-23,5031.15,Em Dia,0,E
500460,1154,102,2025-01-04,63859.57,Em Dia,0,B
500461,1238,101,2025-06-03,3047.64,Liquidado,0,B
500462,1112,102,2025-01-29,21669.14,Em Atraso,14,A
500463,1078,103,2025-04-19,13313.67,Em Dia,0,A
500464,1169,103,2025-04-08,19180.22,Em Dia,0,A
500465,1164,101,2025-08-03,28596.13,Em Dia,0,C
500466,1121,104,2025-10-20,50851.13,Em Dia,0,B
500467,1023,102,2025-03-16,69086.43,Em Dia,0,A
500468,1171,101,2025-11-22,5945.43,Liquidado,0,D
500469,1134,102,2025-05-26,53261.09,Em Dia,0,B
500470,1239,103,2025-05-08,13273.12,Liquidado,0,C
500471,1197,102,2025-12-07,43116.51,Liquidado,0,A
500472,1171,102,2025-02-11,64295.53,Liquidado,0,A
500473,1025,102,2025-12-22,56948.37,Em Dia,0,B
500474,1018,101,2025-02-10,12375.05,Liquidado,0,C
500475,1190,103,2025-02-03,21466.09,Liquidado,0,A
500476,1141,102,2025-01-17,40110.14,Liquidado,0,A
500477,1043,101,2025-06-14,9785.22,Em Dia,0,B
500478,1078,103,2025-06-02,19219.57,Liquidado,0,A
500479,1028,104,2025-03-17,47909.13,Em Dia,0,C
500480,1146,104,2025-03-28,215753.7,Em Dia,0,C
500481,1059,101,2025-04-27,2737.01,Liquidado,0,B
500482,1188,101,2025-12-28,1498.16,Liquidado,0,B
500483,1063,102,2025-12-08,64160.63,Em Dia,0,A
500484,1185,101,2025-01-27,2968.69,Em Dia,0,C
500485,1092,104,2025-11-09,150549.02,Liquidado,0,F
500486,1179,101,2025-10-14,7709.52,Em Atraso,141,E
500487,1056,101,2025-05-14,2978.71,Em Dia,0,B
500488,1155,102,2025-08-07,35091.19,Em Dia,0,A
500489,1160,101,2025-06-17,3735.2,Em Dia,0,D
500490,1111,103,2025-04-08,19611.65,Em Dia,0,A
500491,1137,102,2025-09-25,54988.12,Em Dia,0,B
500492,1232,101,2025-08-25,3591.91,Liquidado,0,B
500493,1224,101,2025-11-05,4801.94,Em Dia,0,B
500494,1212,102,2025-06-22,27046.79,Liquidado,0,A
500495,1220,101,2025-07-09,2241.89,Em Atraso,139,E
500496,1225,103,2025-05-02,17693.4,Em Dia,0,A
500497,1068,102,2025-02-15,23080.87,Liquidado,0,B
500498,1046,103,2025-03-05,18564.26,Em Dia,0,A
500499,1249,104,2025-05-10,23035.67,Em Dia,0,B
500500,1226,104,2025-11-06,226428.8,Liquidado,0,B
500501,1240,104,2025-12-29,35621.6,Liquidado,0,C
500502,1067,101,2025-07-12,3875.01,Em Dia,0,D
500503,1154,101,2025-11-03,2645.72,Em Atraso,58,C
500504,1136,101,2025-06-30,6381.27,Em Dia,0,B
500505,1006,103,2025-10-19,10848.99,Liquidado,0,A
500506,1208,104,2025-10-09,506311.81,Liquidado,0,B
500507,1024,103,2025-01-29,19522.11,Em Dia,0,A
500508,1176,101,2025-05-29,10702.72,Liquidado,0,B
500509,1231,104,2025-09-24,86138.09,Liquidado,0,D
500510,1094,102,2025-10-23,50462.11,Em Dia,0,A
500511,1173,101,2025-01-11,5167.15,Em Dia,0,C
500512,1013,102,2025-06-13,45371.92,Em Dia,0,A
500513,1197,101,2025-04-23,2511.17,Em Dia,0,D
500514,1025,102,2025-07-06,29798.85,Em Dia,0,A
500515,1148,101,2025-10-22,1181.0,Em Atraso,155,E
500516,1118,102,2025-08-20,48153.61,Em Dia,0,A
500517,1082,103,2025-08-15,8758.62,Em Dia,0,A
500518,1111,103,2025-11-06,20097.85,Em Dia,0,A
500519,1082,103,2025-04-08,18263.88,Em Dia,0,A
500520,1066,102,2025-02-24,54229.97,Liquidado,0,B
500521,1202,103,2025-04-21,20771.42,Liquidado,0,B
500522,1247,104,2025-06-01,271591.51,Em Dia,0,E
500523,1045,101,2025-09-03,4773.9,Liquidado,0,C
500524,1114,102,2025-03-10,16139.11,Em Dia,0,B
500525,1175,101,2025-11-08,7032.87,Em Dia,0,C
500526,1063,101,2025-10-16,3278.43,Em Dia,0,C
500527,1076,103,2025-09-07,14616.62,Em Dia,0,C
500528,1239,103,2025-02-05,21075.18,Em Dia,0,A
500529,1205,101,2025-08-27,3643.9,Em Dia,0,B
500530,1114,103,2025-05-28,16145.54,Em Dia,0,A
500531,1111,103,2025-08-15,22160.77,Em Dia,0,B
500532,1249,104,2025-09-01,85669.78,Em Atraso,95,F
500533,1183,101,2025-12-03,1189.42,Em Dia,0,B
500534,1203,104,2025-12-31,112272.1,Em Dia,0,B
500535,1147,101,2025-07-20,11559.51,Em Atraso,76,D
500536,1035,102,2025-06-03,59063.32,Liquidado,0,A
500537,1231,101,2025-03-14,7270.66,Em Dia,0,B
500538,1053,101,2025-07-20,1770.48,Em Dia,0,B
500539,1026,103,2025-10-23,9436.91,Liquidado,0,C
500540,1238,102,2025-01-17,54243.25,Liquidado,0,A
500541,1014,101,2025-05-09,3455.34,Liquidado,0,C
500542,1118,101,2025-08-05,8328.72,Em Dia,0,B
500543,1045,103,2025-03-02,12914.69,Em Dia,0,A
500544,1172,101,2025-04-14,5915.98,Em Dia,0,D
500545,1216,103,2025-02-11,10032.35,Em Dia,0,B
500546,1233,101,2025-01-25,1018.1,Em Dia,0,B
500547,1193,101,2025-02-08,5820.68,Em Dia,0,B
500548,1051,101,2025-10-18,4921.23,Liquidado,0,C
500549,1171,102,2025-05-11,44356.44,Em Dia,0,A
500550,1119,101,2025-08-17,2942.24,Liquidado,0,B
500551,1214,101,2025-04-18,3949.53,Liquidado,0,B
500552,1151,104,2025-06-21,132338.29,Em Atraso,25,C
500553,1184,103,2025-04-12,15302.01,Em Dia,0,A
500554,1246,101,2025-12-20,1135.68,Em Dia,0,B
500555,1019,102,2025-01-12,66039.26,Liquidado,0,A
500556,1082,103,2025-10-02,14167.18,Liquidado,0,A
500557,1076,101,2025-04-11,8591.89,Em Dia,0,E
500558,1183,101,2025-02-13,6740.79,Liquidado,0,B
500559,1220,103,2025-11-01,14122.35,Liquidado,0,A
500560,1092,103,2025-01-17,15939.71,Liquidado,0,B
500561,1188,102,2025-11-26,71510.02,Em Dia,0,A
500562,1187,101,2025-02-26,1896.93,Liquidado,0,B
500563,1033,101,2025-11-07,14295.21,Em Dia,0,C
500564,1147,103,2025-10-30,11453.44,Em Dia,0,A
500565,1028,101,2025-01-12,4415.51,Em Atraso,80,E
500566,1123,102,2025-11-14,50659.48,Em Dia,0,A
500567,1180,102,2025-03-21,28114.89,Em Dia,0,B
500568,1126,101,2025-08-04,1199.55,Em Atraso,107,E
500569,1177,104,2025-12-05,312172.38,Em Dia,0,C
500570,1037,103,2025-09-21,12880.93,Liquidado,0,A
500571,1154,103,2025-05-29,18219.42,Em Dia,0,C
500572,1099,101,2025-03-22,3501.71,Em Dia,0,B
500573,1098,101,2025-08-03,2450.15,Em Dia,0,B
500574,1127,102,2025-07-17,42339.74,Em Dia,0,A
500575,1227,101,2025-07-19,1270.56,Liquidado,0,D
500576,1168,104,2025-01-25,190231.97,Em Dia,0,C
500577,1080,101,2025-03-30,10807.77,Liquidado,0,B
500578,1038,102,2025-09-25,63075.87,Em Dia,0,A
500579,1077,101,2025-05-23,2219.56,Em Dia,0,D
500580,1126,103,2025-02-28,17352.63,Em Dia,0,A
500581,1087,101,2025-12-31,1330.04,Em Dia,0,B
500582,1054,102,2025-01-26,39402.87,Liquidado,0,A
500583,1150,101,2025-02-16,3802.25,Em Dia,0,B
500584,1016,103,2025-10-15,15184.85,Em Dia,0,A
500585,1028,101,2025-09-23,2889.41,Em Atraso,48,C
500586,1240,104,2025-01-16,172520.7,Em Dia,0,E
500587,1163,103,2025-07-18,17995.74,Em Dia,0,B
500588,1188,101,2025-10-09,3223.12,Em Atraso,75,C
500589,1173,103,2025-03-27,16255.82,Liquidado,0,A
500590,1046,101,2025-09-07,1295.69,Em Dia,0,C
500591,1072,104,2025-09-27,37970.18,Em Dia,0,E
500592,1236,102,2025-12-01,39866.13,Em Dia,0,A
500593,1183,101,2025-04-27,5331.26,Liquidado,0,B
500594,1247,101,2025-01-07,11846.72,Em Dia,0,B
500595,1214,101,2025-05-17,24109.15,Em Dia,0,E
500596,1085,104,2025-06-25,282784.9,Em Dia,0,F
500597,1026,101,2025-11-24,2454.5,Liquidado,0,B
500598,1232,103,2025-11-11,16094.64,Em Dia,0,B
500599,1085,102,2025-08-03,66357.78,Em Dia,0,A
500600,1153,104,2025-03-23,27431.94,Em Dia,0,E
500601,1233,101,2025-08-11,5102.48,Em Dia,0,B
500602,1065,102,2025-04-13,51470.87,Em Dia,0,A
500603,1134,102,2025-09-30,63687.74,Liquidado,0,A
500604,1151,103,2025-01-14,12203.87,Em Dia,0,A
500605,1115,101,2025-06-08,3400.97,Liquidado,0,B
500606,1064,101,2025-06-01,3059.11,Em Dia,0,C
500607,1087,101,2025-04-18,18246.97,Em Dia,0,B
500608,1171,103,2025-07-07,16230.08,Em Dia,0,A
500609,1107,101,2025-10-28,4956.41,Em Dia,0,C
500610,1151,102,2025-04-08,27007.88,Liquidado,0,B
500611,1096,101,2025-05-11,1993.76,Liquidado,0,B
500612,1158,103,2025-10-20,10990.07,Em Dia,0,A
500613,1077,104,2025-06-20,64039.02,Em Dia,0,B
500614,1235,102,2025-07-02,57243.89,Em Dia,0,A
500615,1146,101,2025-12-30,1287.91,Em Dia,0,D
500616,1087,101,2025-02-08,6977.92,Em Dia,0,B
500617,1207,101,2025-01-15,2792.41,Liquidado,0,B
500618,1225,101,2025-01-04,1003.2,Em Dia,0,C
500619,1149,103,2025-12-15,19987.25,Liquidado,0,B
500620,1057,102,2025-07-29,35235.31,Em Dia,0,A
500621,1103,104,2025-06-10,82481.12,Em Dia,0,C
500622,1151,101,2025-01-16,1378.92,Em Dia,0,D
500623,1091,103,2025-04-18,25237.95,Em Dia,0,A
500624,1045,102,2025-11-07,57896.99,Em Dia,0,B
500625,1172,102,2025-08-15,45266.67,Liquidado,0,B
500626,1210,101,2025-06-19,12232.81,Liquidado,0,B
500627,1088,102,2025-02-03,39114.74,Em Dia,0,A
500628,1115,102,2025-09-08,33824.88,Liquidado,0,B
500629,1047,103,2025-09-04,10354.55,Liquidado,0,A
500630,1168,104,2025-09-26,57108.05,Em Dia,0,D
500631,1179,101,2025-05-21,1524.92,Em Dia,0,E
500632,1170,101,2025-10-01,2439.77,Liquidado,0,B
500633,1135,102,2025-04-06,44676.76,Liquidado,0,A
500634,1050,102,2025-08-15,33362.31,Em Dia,0,A
500635,1176,101,2025-02-08,4987.24,Em Atraso,7,C
500636,1084,103,2025-10-29,13936.6,Em Atraso,64,A
500637,1091,104,2025-01-29,315480.73,Liquidado,0,B
500638,1134,104,2025-11-14,149156.81,Em Dia,0,C
500639,1091,101,2025-09-02,2915.14,Em Dia,0,B
500640,1137,103,2025-08-24,20356.59,Em Dia,0,B
500641,1245,103,2025-07-04,14915.15,Liquidado,0,A
500642,1109,102,2025-09-29,60611.43,Liquidado,0,A
500643,1057,102,2025-08-24,43593.86,Liquidado,0,A
500644,1031,103,2025-08-27,18871.65,Liquidado,0,A
500645,1021,102,2025-09-23,51148.36,Liquidado,0,A
500646,1090,101,2025-12-25,1567.83,Liquidado,0,C
500647,1040,102,2025-12-06,37089.48,Liquidado,0,A
500648,1112,102,2025-03-06,34457.62,Em Dia,0,A
500649,1045,101,2025-06-26,14260.03,Liquidado,0,D
500650,1077,104,2025-01-03,292359.83,Em Atraso,178,E
500651,1177,103,2025-05-22,15331.46,Em Dia,0,C
500652,1087,103,2025-06-07,16893.35,Liquidado,0,B
500653,1148,101,2025-11-20,17892.73,Em Dia,0,C
500654,1101,103,2025-05-26,13911.62,Liquidado,0,A
500655,1246,101,2025-10-20,1657.7,Liquidado,0,D
500656,1117,101,2025-06-02,2873.51,Em Dia,0,B
500657,1092,102,2025-07-12,35378.14,Liquidado,0,A
500658,1145,102,2025-03-14,82539.06,Liquidado,0,A
500659,1028,102,2025-11-01,47514.78,Em Dia,0,A
500660,1169,101,2025-12-10,3530.46,Liquidado,0,C
500661,1194,102,2025-05-20,37995.6,Em Dia,0,A
500662,1025,101,2025-07-06,3542.97,Em Dia,0,B
500663,1058,104,2025-10-20,762222.84,Em Dia,0,C
500664,1242,102,2025-03-02,49731.08,Em Dia,0,B
500665,1041,103,2025-07-17,21769.25,Em Dia,0,A
500666,1134,101,2025-10-22,2636.0,Liquidado,0,B
500667,1075,101,2025-11-15,1702.14,Em Dia,0,C
500668,1249,104,2025-10-29,133619.14,Liquidado,0,B
500669,1038,101,2025-12-10,5378.33,Liquidado,0,E
500670,1134,102,2025-01-11,46104.18,Em Dia,0,A
500671,1173,103,2025-03-03,5030.44,Liquidado,0,A
500672,1075,101,2025-11-29,2824.99,Em Dia,0,D
500673,1142,103,2025-08-14,17639.4,Em Dia,0,A
500674,1066,102,2025-06-02,60292.13,Em Dia,0,A
500675,1168,101,2025-07-18,2849.93,Em Dia,0,C
500676,1003,101,2025-02-21,3572.08,Em Dia,0,B
500677,1247,101,2025-09-17,3123.03,Em Atraso,60,C
500678,1117,103,2025-02-28,9352.77,Em Dia,0,A
500679,1099,103,2025-03-13,19463.32,Liquidado,0,B
500680,1225,101,2025-05-28,4044.65,Liquidado,0,B
500681,1152,101,2025-12-15,3900.26,Em Dia,0,B
500682,1019,103,2025-03-04,17575.48,Em Dia,0,B
500683,1146,102,2025-11-06,28931.38,Liquidado,0,A
500684,1192,102,2025-08-31,38083.68,Em Dia,0,A
500685,1241,101,2025-11-26,7371.64,Em Dia,0,D
500686,1116,101,2025-04-17,4693.64,Em Dia,0,C
500687,1125,103,2025-08-14,15189.2,Liquidado,0,A
500688,1088,104,2025-11-09,27545.47,Em Dia,0,B
500689,1237,101,2025-08-06,8102.54,Liquidado,0,B
500690,1035,102,2025-08-29,48471.89,Liquidado,0,B
500691,1190,102,2025-09-16,45589.64,Em Dia,0,A
500692,1001,102,2025-09-19,38839.6,Em Dia,0,A
500693,1228,101,2025-01-05,7640.06,Em Dia,0,B
500694,1153,103,2025-09-18,15100.22,Em Dia,0,A
500695,1173,102,2025-02-23,48810.07,Em Dia,0,A
500696,1177,102,2025-02-16,66885.09,Em Dia,0,A
500697,1126,101,2025-08-03,8593.33,Em Dia,0,B
500698,1235,101,2025-06-26,3209.28,Em Dia,0,C
500699,1226,101,2025-01-09,1115.84,Em Dia,0,E
500700,1089,103,2025-04-09,8865.06,Em Dia,0,A
500701,1144,101,2025-01-20,7068.42,Liquidado,0,B
500702,1226,103,2025-08-29,13436.17,Em Dia,0,C
500703,1221,101,2025-03-02,3043.54,Em Dia,0,B
500704,1147,102,2025-06-27,52967.8,Em Dia,0,A
500705,1151,102,2025-12-04,51001.1,Liquidado,0,A
500706,1211,101,2025-03-03,6298.4,Em Dia,0,C
500707,1025,101,2025-05-25,1136.78,Em Dia,0,D
500708,1016,101,2025-08-04,7816.13,Em Dia,0,D
500709,1182,103,2025-01-03,16499.46,Em Dia,0,A
500710,1243,103,2025-06-09,14129.46,Em Dia,0,A
500711,1073,101,2025-08-15,4995.9,Em Dia,0,C
500712,1129,102,2025-09-26,37339.86,Liquidado,0,A
500713,1042,101,2025-04-30,6390.05,Liquidado,0,C
500714,1147,101,2025-03-30,2124.62,Liquidado,0,B
500715,1225,101,2025-11-25,3190.35,Em Dia,0,B
500716,1162,103,2025-03-09,12260.57,Em Dia,0,C
500717,1080,101,2025-12-23,2566.8,Liquidado,0,C
500718,1236,101,2025-04-08,1386.54,Em Dia,0,B
500719,1104,101,2025-09-24,7447.85,Em Atraso,1,D
500720,1183,101,2025-04-15,6920.64,Liquidado,0,B
500721,1146,103,2025-11-19,11289.5,Em Dia,0,A
500722,1034,101,2025-05-03,16207.55,Em Dia,0,C
500723,1089,101,2025-01-29,5277.99,Em Dia,0,B
500724,1125,103,2025-05-17,13095.98,Liquidado,0,A
500725,1045,101,2025-07-14,4113.24,Em Dia,0,C
500726,1134,103,2025-08-14,27534.15,Liquidado,0,A
500727,1021,102,2025-11-28,41287.08,Em Dia,0,A
500728,1122,101,2025-06-19,10951.48,Liquidado,0,B
500729,1070,103,2025-01-09,10986.82,Liquidado,0,A
500730,1096,101,2025-02-09,5013.71,Em Dia,0,D
500731,1105,102,2025-01-25,54304.85,Em Dia,0,A
500732,1048,102,2025-09-18,37537.34,Liquidado,0,A
500733,1235,101,2025-08-14,4977.86,Liquidado,0,B
500734,1039,103,2025-05-04,9552.09,Liquidado,0,A
500735,1031,103,2025-02-07,24750.68,Liquidado,0,B
500736,1234,104,2025-11-24,352934.71,Em Dia,0,C
500737,1010,103,2025-09-08,13760.36,Liquidado,0,A
500738,1030,102,2025-06-25,59213.83,Em Dia,0,A
500739,1249,101,2025-03-31,2609.7,Em Dia,0,D
500740,1244,101,2025-02-06,1001.2,Em Dia,0,D
500741,1018,102,2025-11-12,34951.64,Liquidado,0,A
500742,1188,101,2025-06-25,5952.86,Em Dia,0,B
500743,1088,104,2025-10-11,216181.43,Em Dia,0,B
500744,1244,101,2025-03-22,5278.63,Liquidado,0,B
500745,1125,101,2025-04-24,1210.93,Em Dia,0,D
500746,1073,101,2025-02-09,2904.46,Em Dia,0,B
500747,1223,103,2025-10-28,8830.13,Em Dia,0,A
500748,1015,103,2025-08-12,14748.6,Liquidado,0,A
500749,1004,103,2025-11-14,16816.02,Liquidado,0,B
500750,1191,101,2025-12-15,3106.55,Liquidado,0,D
500751,1168,103,2025-04-25,18673.67,Liquidado,0,A
500752,1009,101,2025-07-05,4328.1,Liquidado,0,C
500753,1109,103,2025-11-19,9529.78,Liquidado,0,C
500754,1137,102,2025-02-25,47686.95,Liquidado,0,A
500755,1154,101,2025-02-09,1760.5,Em Dia,0,B
500756,1132,102,2025-12-20,51347.87,Liquidado,0,A
500757,1209,103,2025-02-09,9095.65,Em Dia,0,A
500758,1016,101,2025-12-13,4681.34,Liquidado,0,B
500759,1143,103,2025-08-25,14143.5,Liquidado,0,B
500760,1099,102,2025-10-16,34714.31,Liquidado,0,A
500761,1121,101,2025-09-19,11891.78,Em Dia,0,D
500762,1052,101,2025-08-04,2270.75,Em Dia,0,C
500763,1069,102,2025-05-27,44296.83,Liquidado,0,A
500764,1247,102,2025-12-02,49496.33,Liquidado,0,B
500765,1005,102,2025-06-17,56891.82,Liquidado,0,A
500766,1020,103,2025-04-02,12076.7,Em Dia,0,B
500767,1079,102,2025-12-19,66431.58,Em Dia,0,A
500768,1146,104,2025-02-28,200675.79,Em Dia,0,C
500769,1111,102,2025-02-28,59963.88,Em Dia,0,A
500770,1002,103,2025-10-31,16222.37,Liquidado,0,A
500771,1093,101,2025-06-18,1708.38,Em Dia,0,B
500772,1013,101,2025-09-26,13527.69,Em Atraso,15,D
500773,1004,101,2025-12-29,1758.77,Em Dia,0,C
500774,1170,102,2025-02-14,54225.77,Em Dia,0,A
500775,1109,103,2025-12-11,15240.57,Em Dia,0,B
500776,1074,101,2025-06-30,2326.56,Em Atraso,155,E
500777,1189,101,2025-06-19,3724.18,Em Dia,0,B
500778,1095,103,2025-12-22,18131.23,Em Dia,0,A
500779,1105,101,2025-07-10,11960.85,Em Dia,0,D
500780,1008,103,2025-06-04,18696.04,Em Dia,0,B
500781,1067,102,2025-07-07,66567.17,Liquidado,0,B
500782,1240,103,2025-01-07,14491.37,Em Dia,0,A
500783,1191,101,2025-05-13,2622.84,Em Dia,0,D
500784,1110,101,2025-08-23,1634.06,Liquidado,0,B
500785,1009,102,2025-02-14,48855.83,Em Atraso,55,A
500786,1222,104,2025-11-10,129529.24,Em Dia,0,C
500787,1117,102,2025-09-06,25076.29,Liquidado,0,A
500788,1011,101,2025-01-31,1008.63,Liquidado,0,B
500789,1099,103,2025-01-23,11221.69,Em Dia,0,B
500790,1229,104,2025-06-09,578790.06,Em Dia,0,E
500791,1042,103,2025-12-29,17623.54,Liquidado,0,A
500792,1141,104,2025-06-07,266146.76,Em Atraso,132,E
500793,1164,101,2025-02-08,8108.03,Liquidado,0,B
500794,1120,101,2025-03-23,7996.62,Em Atraso,58,C
500795,1141,103,2025-12-22,20189.19,Em Dia,0,B
500796,1012,103,2025-09-15,14682.5,Em Dia,0,A
500797,1037,101,2025-07-25,1822.41,Liquidado,0,B
500798,1074,101,2025-03-18,9810.7,Em Dia,0,C
500799,1248,103,2025-01-12,11562.16,Liquidado,0,C
500800,1073,101,2025-10-22,12427.64,Em Dia,0,B
500801,1052,101,2025-08-12,3743.95,Liquidado,0,B
500802,1199,102,2025-01-13,60190.6,Liquidado,0,A
500803,1130,102,2025-02-15,49280.21,Em Dia,0,A
500804,1246,103,2025-06-04,9530.69,Em Dia,0,B
500805,1056,101,2025-04-23,6845.28,Em Dia,0,C
500806,1060,103,2025-08-21,13181.91,Em Dia,0,B
500807,1023,102,2025-01-17,53000.01,Em Dia,0,A
500808,1103,102,2025-12-26,60685.03,Em Dia,0,A
500809,1040,103,2025-08-11,17324.58,Liquidado,0,B
500810,1064,101,2025-12-20,6246.12,Liquidado,0,B
500811,1231,101,2025-07-07,4229.38,Liquidado,0,C
500812,1085,101,2025-12-10,2024.21,Liquidado,0,B
500813,1151,101,2025-12-31,2284.5,Em Dia,0,B
500814,1157,102,2025-06-12,72093.55,Liquidado,0,A
500815,1206,103,2025-11-22,13677.08,Em Dia,0,A
500816,1218,103,2025-03-15,15212.16,Em Atraso,17,A
500817,1179,103,2025-08-21,14210.0,Liquidado,0,A
500818,1197,101,2025-08-12,2760.94,Liquidado,0,B
500819,1247,102,2025-11-15,38176.77,Em Dia,0,B
500820,1223,101,2025-03-01,22948.59,Em Dia,0,B
500821,1089,101,2025-12-01,2962.09,Liquidado,0,B
500822,1031,101,2025-08-10,15509.32,Liquidado,0,E
500823,1178,102,2025-02-06,34130.95,Liquidado,0,A
500824,1020,104,2025-10-05,50930.7,Liquidado,0,C
500825,1236,101,2025-07-15,4048.74,Liquidado,0,B
500826,1183,101,2025-12-18,1495.31,Em Atraso,12,C
500827,1209,103,2025-08-30,13447.3,Em Dia,0,A
500828,1237,101,2025-11-20,5678.36,Em Atraso,47,C
500829,1130,103,2025-08-07,14817.14,Em Atraso,53,A
500830,1153,103,2025-07-11,16657.45,Em Dia,0,B
500831,1013,104,2025-01-17,131091.81,Em Atraso,125,E
500832,1122,102,2025-01-12,54636.25,Em Dia,0,A
500833,1103,103,2025-07-12,9539.88,Em Dia,0,A
500834,1220,102,2025-01-22,49504.54,Liquidado,0,A
500835,1106,103,2025-04-30,17891.99,Liquidado,0,C
500836,1119,102,2025-07-29,52472.87,Em Dia,0,A
500837,1070,101,2025-11-02,9272.78,Liquidado,0,C
500838,1195,102,2025-09-27,44057.0,Em Dia,0,A
500839,1186,102,2025-07-11,53953.06,Liquidado,0,B
500840,1099,103,2025-06-24,9568.67,Em Dia,0,B
500841,1082,103,2025-10-12,19033.42,Liquidado,0,A
500842,1075,103,2025-07-23,10952.65,Em Dia,0,A
500843,1118,101,2025-06-13,3614.2,Liquidado,0,D
500844,1084,103,2025-09-08,14276.97,Liquidado,0,A
500845,1192,102,2025-08-15,51040.05,Em Dia,0,A
500846,1069,103,2025-01-07,12263.78,Em Dia,0,A
500847,1211,104,2025-01-29,41488.61,Em Dia,0,B
500848,1214,101,2025-02-02,6015.83,Liquidado,0,B
500849,1059,103,2025-05-14,14053.59,Em Dia,0,A
500850,1188,101,2025-03-20,3066.12,Em Dia,0,C
500851,1211,101,2025-02-27,5950.6,Liquidado,0,B
500852,1126,102,2025-01-26,17834.3,Liquidado,0,A
500853,1111,101,2025-08-14,3484.88,Em Dia,0,D
500854,1062,103,2025-10-12,17677.63,Liquidado,0,A
500855,1144,101,2025-01-04,22152.91,Em Atraso,19,D
500856,1128,101,2025-04-09,16674.76,Liquidado,0,D
500857,1216,102,2025-02-08,42497.88,Em Dia,0,A
500858,1105,103,2025-09-28,9281.1,Liquidado,0,A
500859,1068,104,2025-10-12,222236.99,Em Atraso,73,D
500860,1015,103,2025-06-06,9316.42,Liquidado,0,A
500861,1217,103,2025-03-16,17420.53,Liquidado,0,A
500862,1236,101,2025-10-15,11995.46,Liquidado,0,E
500863,1183,101,2025-05-10,10911.63,Em Dia,0,B
500864,1035,101,2025-06-24,13314.71,Em Dia,0,E
500865,1183,102,2025-03-25,45795.76,Liquidado,0,A
500866,1014,103,2025-01-22,13889.53,Liquidado,0,A
500867,1177,102,2025-01-27,50529.08,Liquidado,0,A
500868,1211,103,2025-07-14,13185.26,Em Dia,0,A
500869,1102,102,2025-12-03,57859.28,Liquidado,0,A
500870,1100,101,2025-08-24,1373.08,Em Dia,0,D
500871,1007,101,2025-04-02,8263.88,Em Dia,0,C
500872,1030,103,2025-01-21,21473.51,Liquidado,0,C
500873,1211,103,2025-10-30,13729.19,Liquidado,0,A
500874,1049,103,2025-12-23,19044.25,Em Dia,0,A
500875,1217,101,2025-03-25,5979.49,Em Atraso,100,E
500876,1144,104,2025-09-19,29744.51,Em Dia,0,C
500877,1111,101,2025-05-27,2247.6,Em Dia,0,B
500878,1246,101,2025-09-14,14930.37,Em Dia,0,B
500879,1232,104,2025-02-27,75487.42,Em Dia,0,C
500880,1179,101,2025-01-15,3782.52,Em Dia,0,C
500881,1072,103,2025-06-11,14668.4,Em Dia,0,A
500882,1210,101,2025-06-12,7339.92,Liquidado,0,C
500883,1220,102,2025-11-16,68621.45,Em Dia,0,A
500884,1080,104,2025-10-08,59090.21,Em Dia,0,C
500885,1244,101,2025-10-07,13601.15,Liquidado,0,C
500886,1083,103,2025-01-12,17558.55,Em Dia,0,A
500887,1042,101,2025-10-01,3043.33,Em Dia,0,C
500888,1017,103,2025-09-28,12254.59,Em Dia,0,A
500889,1191,101,2025-07-27,18266.63,Em Atraso,10,C
500890,1173,101,2025-01-27,3613.58,Em Dia,0,C
500891,1205,101,2025-03-13,6386.56,Em Dia,0,B
500892,1007,101,2025-03-01,1319.87,Em Dia,0,C
500893,1155,104,2025-05-25,110007.37,Em Atraso,71,B
500894,1010,101,2025-04-03,2526.09,Em Dia,0,C
500895,1034,101,2025-11-05,8253.42,Em Dia,0,D
500896,1036,102,2025-01-08,58035.54,Liquidado,0,A
500897,1153,101,2025-03-20,1773.63,Liquidado,0,B
500898,1006,103,2025-01-27,14218.68,Liquidado,0,A
500899,1152,104,2025-06-23,173356.36,Em Atraso,110,F
500900,1146,102,2025-02-19,46622.02,Liquidado,0,B
500901,1215,103,2025-07-18,11744.75,Em Atraso,74,B
500902,1134,102,2025-12-15,52707.02,Em Dia,0,B
500903,1029,101,2025-06-30,6362.13,Liquidado,0,B
500904,1126,103,2025-01-24,9924.19,Liquidado,0,A
500905,1153,102,2025-11-12,44861.76,Liquidado,0,B
500906,1183,103,2025-02-15,12512.83,Liquidado,0,A
500907,1081,103,2025-01-15,8209.21,Em Dia,0,C
500908,1174,102,2025-06-02,46116.58,Em Dia,0,A
500909,1152,104,2025-08-10,57200.86,Liquidado,0,C
500910,1075,103,2025-07-25,15046.62,Liquidado,0,C
500911,1026,102,2025-09-30,45438.41,Em Dia,0,A
500912,1127,103,2025-08-24,17590.23,Liquidado,0,A
500913,1115,101,2025-12-06,2968.67,Em Dia,0,B
500914,1126,104,2025-08-16,26932.94,Em Dia,0,C
500915,1226,103,2025-01-09,17276.35,Liquidado,0,A
500916,1028,101,2025-06-15,4597.05,Em Dia,0,B
500917,1131,101,2025-11-15,2883.07,Em Dia,0,B
500918,1075,103,2025-08-02,10805.63,Liquidado,0,A
500919,1166,101,2025-04-27,3353.18,Em Atraso,21,D
500920,1189,101,2025-12-10,11653.65,Em Dia,0,C
500921,1078,102,2025-03-13,27828.96,Liquidado,0,A
500922,1179,101,2025-03-05,6978.35,Em Dia,0,C
500923,1090,102,2025-07-24,53644.16,Em Dia,0,A
500924,1176,101,2025-07-28,2224.1,Em Atraso,124,E
500925,1021,101,2025-03-13,22576.97,Em Dia,0,B
500926,1054,103,2025-10-04,10284.63,Em Dia,0,A
500927,1184,102,2025-10-01,44899.96,Liquidado,0,B
500928,1103,101,2025-11-16,11423.78,Em Dia,0,B
500929,1222,101,2025-12-04,1423.87,Liquidado,0,D
500930,1059,102,2025-04-05,72066.73,Liquidado,0,A
500931,1072,101,2025-06-15,1214.28,Em Dia,0,C
500932,1179,101,2025-02-01,5098.04,Em Dia,0,E
500933,1020,101,2025-01-11,1249.25,Em Dia,0,C
500934,1112,103,2025-10-28,16155.87,Liquidado,0,C
500935,1224,103,2025-08-05,19363.38,Em Dia,0,B
500936,1214,103,2025-10-16,13632.44,Liquidado,0,A
500937,1059,103,2025-04-12,16100.82,Liquidado,0,A
500938,1071,103,2025-09-24,10060.23,Em Dia,0,A
500939,1137,102,2025-08-02,28520.2,Em Dia,0,A
500940,1109,103,2025-06-28,12387.24,Em Dia,0,C
500941,1129,101,2025-03-29,8618.62,Em Dia,0,C
500942,1157,103,2025-02-10,14872.47,Em Dia,0,A
500943,1191,103,2025-03-17,16010.8,Liquidado,0,B
500944,1200,102,2025-02-15,70374.14,Em Dia,0,A
500945,1056,101,2025-06-09,1829.39,Em Dia,0,B
500946,1246,101,2025-03-21,5053.96,Em Dia,0,B
500947,1196,103,2025-11-06,8668.32,Liquidado,0,A
500948,1035,103,2025-03-27,18972.35,Liquidado,0,A
500949,1123,103,2025-04-02,12505.23,Liquidado,0,A
500950,1131,101,2025-05-28,3058.03,Em Atraso,4,C
500951,1246,103,2025-06-10,14334.06,Em Dia,0,A
500952,1237,102,2025-07-21,35432.15,Em Atraso,51,A
500953,1104,103,2025-08-30,14039.85,Liquidado,0,B
500954,1007,102,2025-12-19,10948.65,Liquidado,0,A
500955,1027,102,2025-01-02,57893.2,Liquidado,0,A
500956,1001,102,2025-08-13,59870.65,Liquidado,0,A
500957,1219,103,2025-10-16,7120.98,Em Dia,0,C
500958,1208,104,2025-08-21,140533.98,Em Dia,0,D
500959,1230,101,2025-03-18,2271.68,Em Atraso,63,C
500960,1199,101,2025-04-26,4609.87,Em Dia,0,D
500961,1172,104,2025-06-03,66213.13,Em Dia,0,B
500962,1087,102,2025-04-13,69846.28,Em Dia,0,B
500963,1041,103,2025-07-13,9176.34,Em Dia,0,B
500964,1123,102,2025-06-15,81556.42,Liquidado,0,A
500965,1075,101,2025-12-25,14023.95,Em Dia,0,C
500966,1042,103,2025-03-31,20863.34,Em Dia,0,A
500967,1117,103,2025-06-23,19370.15,Liquidado,0,A
500968,1161,101,2025-05-02,3607.75,Em Atraso,6,D
500969,1178,101,2025-05-23,5797.31,Em Dia,0,D
500970,1063,103,2025-04-16,11153.11,Em Dia,0,A
500971,1228,101,2025-11-01,1515.83,Liquidado,0,B
500972,1165,103,2025-12-26,16233.31,Em Dia,0,C
500973,1233,101,2025-11-13,12811.42,Em Dia,0,B
500974,1187,102,2025-05-03,49864.17,Em Dia,0,A
500975,1127,104,2025-01-09,257186.41,Liquidado,0,D
500976,1209,103,2025-09-19,8926.04,Em Dia,0,A
500977,1227,102,2025-03-14,45057.83,Em Dia,0,B
500978,1176,103,2025-12-25,17533.86,Liquidado,0,A
500979,1133,101,2025-08-11,3640.69,Em Dia,0,D
500980,1048,101,2025-02-10,14347.13,Em Dia,0,D
500981,1224,104,2025-07-23,346617.38,Em Dia,0,C
500982,1003,103,2025-09-21,12628.03,Em Dia,0,A
500983,1116,103,2025-11-24,9278.28,Liquidado,0,A
500984,1175,101,2025-06-27,5503.27,Em Dia,0,B
500985,1190,101,2025-12-14,7072.45,Em Dia,0,B
500986,1099,101,2025-11-14,4487.6,Liquidado,0,C
500987,1116,102,2025-03-25,65925.34,Liquidado,0,A
500988,1014,103,2025-11-14,14031.41,Liquidado,0,A
500989,1191,102,2025-04-21,35361.33,Em Dia,0,B
500990,1112,103,2025-09-08,11928.21,Em Dia,0,A
500991,1061,101,2025-01-07,1111.94,Liquidado,0,C
500992,1159,101,2025-03-25,1607.01,Liquidado,0,D
500993,1095,101,2025-07-27,9640.86,Liquidado,0,C
500994,1017,102,2025-11-10,59514.59,Liquidado,0,A
500995,1124,101,2025-01-22,1382.74,Em Dia,0,E
500996,1024,104,2025-01-03,33410.69,Em Dia,0,E
500997,1116,101,2025-05-07,2138.29,Em Dia,0,B
500998,1151,104,2025-10-24,31541.31,Em Dia,0,C
500999,1082,102,2025-07-07,72960.37,Liquidado,0,A
501000,1050,104,2025-12-28,95657.45,Em Atraso,12,C
501001,1246,102,2025-01-14,48370.75,Liquidado,0,A
501002,1206,104,2025-01-12,208544.96,Em Dia,0,D
501003,1242,101,2025-03-28,4531.71,Liquidado,0,B
501004,1079,103,2025-01-12,14535.72,Em Dia,0,A
501005,1079,104,2025-01-25,221802.32,Em Dia,0,C
501006,1070,101,2025-10-28,1629.65,Em Dia,0,D
501007,1027,101,2025-08-31,7660.05,Em Dia,0,C
501008,1015,102,2025-05-02,65083.38,Em Dia,0,A
501009,1050,104,2025-05-27,111851.02,Liquidado,0,B
501010,1036,102,2025-02-24,96012.53,Em Dia,0,A
501011,1247,102,2025-08-26,21121.07,Em Dia,0,A
501012,1008,101,2025-12-22,8421.81,Em Dia,0,D
501013,1079,101,2025-06-22,8152.92,Liquidado,0,C
501014,1131,103,2025-08-09,17908.49,Liquidado,0,A
501015,1190,101,2025-04-29,1739.9,Liquidado,0,E
501016,1047,103,2025-11-05,8065.72,Em Dia,0,A
501017,1205,104,2025-07-02,44373.78,Em Dia,0,D
501018,1105,101,2025-10-15,5474.39,Em Dia,0,D
501019,1098,103,2025-11-03,6480.76,Em Dia,0,B
501020,1216,101,2025-10-27,3458.33,Em Dia,0,C
501021,1232,103,2025-03-23,20291.7,Liquidado,0,A
501022,1096,101,2025-07-30,3649.39,Em Atraso,17,C
501023,1189,103,2025-05-30,12793.3,Liquidado,0,A
501024,1160,101,2025-02-06,1216.36,Em Dia,0,C
501025,1222,102,2025-12-18,59753.47,Liquidado,0,A
501026,1116,102,2025-11-08,35281.31,Em Atraso,75,A
501027,1241,101,2025-12-27,4948.89,Liquidado,0,D
501028,1013,103,2025-02-28,17809.33,Em Dia,0,A
501029,1001,101,2025-05-11,4251.04,Liquidado,0,C
501030,1034,103,2025-07-21,13670.2,Em Atraso,35,A
501031,1190,101,2025-08-31,1227.09,Em Dia,0,D
501032,1079,103,2025-02-04,21483.1,Liquidado,0,A
501033,1236,101,2025-04-03,6559.86,Em Atraso,174,E
501034,1078,102,2025-07-26,44171.85,Em Atraso,15,A
501035,1121,101,2025-12-19,11100.04,Em Dia,0,D
501036,1093,103,2025-11-28,11362.5,Liquidado,0,A
501037,1098,101,2025-11-01,9920.8,Em Dia,0,B
501038,1082,103,2025-12-16,17446.97,Em Dia,0,A
501039,1246,103,2025-08-01,19131.9,Liquidado,0,A
501040,1199,101,2025-06-08,6184.41,Liquidado,0,E
501041,1221,103,2025-01-24,9760.09,Em Dia,0,C
501042,1247,101,2025-10-20,9233.47,Em Dia,0,B
501043,1159,101,2025-01-04,11157.1,Em Dia,0,C
501044,1192,103,2025-08-08,20430.35,Liquidado,0,A
501045,1153,103,2025-12-30,18546.04,Liquidado,0,A
501046,1038,103,2025-01-20,19382.56,Liquidado,0,B
501047,1014,101,2025-06-01,12050.45,Em Dia,0,C
501048,1136,101,2025-02-19,1754.34,Liquidado,0,C
501049,1091,101,2025-06-26,3884.66,Liquidado,0,B
501050,1054,103,2025-04-06,14948.66,Liquidado,0,A
501051,1130,102,2025-04-15,54488.0,Em Dia,0,A
501052,1209,103,2025-09-07,12505.61,Em Dia,0,A
501053,1101,101,2025-04-27,14522.34,Em Dia,0,B
501054,1206,101,2025-12-20,1142.02,Em Dia,0,E
501055,1089,101,2025-08-16,1220.93,Liquidado,0,B
501056,1056,101,2025-03-07,3495.67,Em Dia,0,C
501057,1094,101,2025-12-01,3420.29,Liquidado,0,B
501058,1093,103,2025-09-19,16075.24,Liquidado,0,A
501059,1084,103,2025-10-22,10887.67,Em Dia,0,A
501060,1085,102,2025-08-31,73286.71,Liquidado,0,A
501061,1189,102,2025-07-05,24957.1,Em Dia,0,A
501062,1245,101,2025-09-03,1135.28,Liquidado,0,C
501063,1022,103,2025-05-05,16014.73,Em Dia,0,B
501064,1035,101,2025-09-25,1362.55,Em Dia,0,C
501065,1229,104,2025-05-11,43861.65,Em Dia,0,D
501066,1016,102,2025-08-25,30278.77,Liquidado,0,B
501067,1050,101,2025-01-18,2221.1,Em Dia,0,D
501068,1122,104,2025-02-09,357200.12,Em Dia,0,B
501069,1128,101,2025-01-21,5208.78,Em Dia,0,B
501070,1113,102,2025-08-13,31612.67,Em Dia,0,A
501071,1171,102,2025-12-21,56523.3,Em Dia,0,A
501072,1017,101,2025-10-09,3095.65,Em Atraso,14,B
501073,1080,102,2025-01-08,48584.0,Em Dia,0,A
501074,1186,103,2025-04-10,16278.44,Liquidado,0,A
501075,1247,103,2025-08-28,10784.24,Liquidado,0,A
501076,1130,101,2025-03-28,3338.21,Em Dia,0,B
501077,1132,104,2025-10-25,176301.27,Em Dia,0,C
501078,1085,101,2025-01-14,4367.14,Em Dia,0,C
501079,1167,101,2025-11-30,3820.31,Em Atraso,121,E
501080,1226,101,2025-01-02,4766.5,Em Dia,0,C
501081,1094,101,2025-10-20,2773.3,Liquidado,0,B
501082,1134,101,2025-11-21,2090.65,Em Dia,0,C
501083,1081,104,2025-02-10,47813.52,Em Dia,0,B
501084,1231,101,2025-11-14,2820.36,Em Atraso,139,E
501085,1217,101,2025-11-12,2581.92,Em Dia,0,D
501086,1069,101,2025-04-21,5100.53,Liquidado,0,B
501087,1069,103,2025-01-14,17907.09,Liquidado,0,A
501088,1148,103,2025-08-19,16809.75,Liquidado,0,B
501089,1192,101,2025-03-25,2136.29,Em Dia,0,C
501090,1016,101,2025-05-10,9665.08,Em Dia,0,D
501091,1051,101,2025-08-19,5138.32,Em Dia,0,B
501092,1105,101,2025-11-22,1466.81,Liquidado,0,B
501093,1165,101,2025-05-25,3617.38,Liquidado,0,B
501094,1232,102,2025-12-11,41310.1,Em Atraso,67,A
501095,1201,101,2025-01-28,4952.93,Em Dia,0,B
501096,1197,102,2025-03-07,60059.33,Em Dia,0,A
501097,1170,101,2025-06-12,2174.7,Liquidado,0,B
501098,1185,104,2025-08-17,66031.75,Em Dia,0,D
501099,1066,104,2025-09-18,98101.01,Em Dia,0,F
501100,1009,102,2025-06-13,44463.17,Liquidado,0,B
501101,1107,101,2025-10-28,12750.4,Em Dia,0,B
501102,1100,101,2025-10-30,3750.02,Em Dia,0,C
501103,1086,102,2025-10-14,70770.54,Em Dia,0,B
501104,1064,103,2025-01-10,13364.92,Liquidado,0,A
501105,1214,102,2025-07-14,34985.1,Em Dia,0,A
501106,1022,103,2025-04-28,13417.98,Em Dia,0,A
501107,1162,104,2025-09-27,531016.99,Em Dia,0,C
501108,1183,101,2025-03-21,14725.1,Liquidado,0,C
501109,1157,102,2025-04-03,82587.58,Em Dia,0,A
501110,1166,101,2025-09-23,2909.35,Liquidado,0,B
501111,1110,101,2025-11-28,7703.83,Em Dia,0,D
501112,1097,102,2025-12-16,49783.86,Em Dia,0,A
501113,1018,101,2025-12-27,13425.41,Em Dia,0,B
501114,1071,103,2025-09-14,10805.55,Liquidado,0,A
501115,1193,101,2025-05-13,2748.89,Em Dia,0,C
501116,1127,102,2025-10-03,55581.56,Em Dia,0,A
501117,1097,103,2025-09-21,15871.79,Em Dia,0,A
501118,1001,103,2025-06-20,13493.06,Em Dia,0,C
501119,1216,101,2025-01-01,6223.73,Em Dia,0,B
501120,1132,103,2025-11-09,13178.71,Liquidado,0,A
501121,1004,102,2025-03-05,59166.07,Liquidado,0,B
501122,1125,102,2025-10-11,42393.79,Em Atraso,69,A
501123,1082,101,2025-05-01,6304.25,Em Dia,0,B
501124,1027,102,2025-04-17,63901.44,Em Dia,0,B
501125,1171,103,2025-06-24,11596.09,Liquidado,0,A
501126,1059,103,2025-07-23,17002.99,Liquidado,0,B
501127,1032,103,2025-06-14,18037.5,Em Dia,0,A
501128,1161,102,2025-11-01,38186.73,Liquidado,0,A
501129,1028,101,2025-04-30,12151.85,Em Dia,0,B
501130,1106,101,2025-02-13,6168.17,Em Dia,0,B
501131,1105,101,2025-11-08,4348.68,Em Dia,0,B
501132,1183,103,2025-06-05,21705.69,Em Dia,0,A
501133,1228,103,2025-07-26,17904.14,Liquidado,0,A
501134,1188,101,2025-04-18,4171.08,Em Dia,0,B
501135,1070,102,2025-09-08,27439.54,Em Dia,0,A
501136,1062,102,2025-11-30,39447.14,Liquidado,0,A
501137,1208,102,2025-05-10,27751.28,Liquidado,0,A
501138,1034,101,2025-10-20,4353.45,Em Atraso,30,C
501139,1087,101,2025-01-20,8244.9,Em Atraso,74,C
501140,1114,101,2025-10-09,4596.73,Em Dia,0,C
501141,1106,101,2025-10-12,6600.31,Em Atraso,3,C
501142,1216,101,2025-01-01,1053.32,Em Dia,0,D
501143,1056,101,2025-04-29,1020.17,Liquidado,0,C
501144,1113,103,2025-02-04,16399.14,Em Dia,0,A
501145,1013,101,2025-07-17,4342.54,Em Dia,0,B
501146,1184,104,2025-09-02,296810.86,Em Dia,0,D
501147,1018,101,2025-02-28,2118.9,Em Dia,0,D
501148,1182,101,2025-11-21,1067.48,Em Atraso,49,D
501149,1205,101,2025-06-10,2316.16,Em Dia,0,B
501150,1113,101,2025-06-28,12405.64,Em Dia,0,B
501151,1229,103,2025-07-25,18594.91,Em Dia,0,C
501152,1171,101,2025-01-12,3271.05,Em Dia,0,D
501153,1039,104,2025-10-03,193015.27,Liquidado,0,C
501154,1189,103,2025-06-30,12568.76,Liquidado,0,B
501155,1170,102,2025-08-30,49357.16,Liquidado,0,A
501156,1209,102,2025-08-04,51114.11,Liquidado,0,A
501157,1079,103,2025-09-08,16469.44,Liquidado,0,B
501158,1146,101,2025-10-26,6888.16,Liquidado,0,D
501159,1151,103,2025-05-06,21411.38,Em Dia,0,A
501160,1182,101,2025-08-05,3197.86,Em Dia,0,B
501161,1243,101,2025-11-02,2215.88,Em Atraso,59,D
501162,1030,102,2025-10-12,40107.57,Liquidado,0,B
501163,1250,102,2025-07-04,52557.27,Em Dia,0,A
501164,1098,103,2025-02-08,21233.4,Liquidado,0,A
501165,1058,101,2025-08-11,8987.53,Em Dia,0,B
501166,1196,103,2025-07-03,17649.22,Em Dia,0,A
501167,1067,101,2025-06-27,1857.72,Em Dia,0,C
501168,1071,101,2025-10-21,4058.25,Em Dia,0,B
501169,1248,101,2025-12-06,2865.59,Em Dia,0,C
501170,1146,102,2025-05-31,27189.18,Em Dia,0,B
501171,1106,101,2025-05-06,2079.36,Em Dia,0,C
501172,1007,102,2025-10-28,55762.4,Em Dia,0,A
501173,1040,103,2025-11-04,9969.42,Liquidado,0,B
501174,1070,102,2025-12-02,52738.44,Em Dia,0,A
501175,1214,102,2025-08-22,61696.59,Em Dia,0,A
501176,1250,103,2025-01-08,16084.9,Liquidado,0,B
501177,1193,103,2025-12-07,17187.98,Em Dia,0,A
501178,1068,102,2025-05-09,69919.39,Em Dia,0,A
501179,1238,101,2025-09-21,4953.82,Em Dia,0,E
501180,1049,103,2025-06-06,9761.07,Em Dia,0,A
501181,1052,102,2025-12-18,57222.61,Em Dia,0,A
501182,1114,101,2025-12-24,10605.36,Liquidado,0,B
501183,1107,101,2025-01-05,6809.72,Liquidado,0,C
501184,1029,103,2025-03-27,6355.35,Em Dia,0,A
501185,1149,101,2025-06-24,3617.85,Liquidado,0,B
501186,1218,104,2025-10-17,310945.72,Em Atraso,78,F
501187,1078,101,2025-07-12,5450.05,Em Dia,0,D
501188,1009,103,2025-11-07,19922.58,Liquidado,0,A
501189,1175,101,2025-04-29,5087.57,Em Dia,0,D
501190,1076,102,2025-08-06,45723.78,Liquidado,0,A
501191,1042,103,2025-04-24,11864.81,Em Dia,0,A
501192,1179,102,2025-05-25,63101.25,Em Atraso,60,A
501193,1184,102,2025-01-26,41196.55,Liquidado,0,A
501194,1179,101,2025-05-16,12733.23,Liquidado,0,D
501195,1198,101,2025-10-30,3489.94,Em Atraso,70,B
501196,1128,101,2025-08-20,1457.72,Em Atraso,37,C
501197,1020,103,2025-03-17,12564.69,Em Dia,0,A
501198,1216,101,2025-11-24,13626.55,Em Dia,0,E
501199,1155,101,2025-12-11,6975.31,Em Dia,0,C
501200,1166,102,2025-10-29,40784.8,Liquidado,0,A
501201,1072,103,2025-10-16,15484.99,Liquidado,0,B
501202,1065,103,2025-01-01,16049.27,Liquidado,0,A
501203,1182,101,2025-05-27,8276.56,Em Dia,0,E
501204,1241,101,2025-10-14,8439.57,Liquidado,0,C
501205,1113,104,2025-05-22,221637.69,Liquidado,0,D
501206,1024,101,2025-02-22,2820.44,Liquidado,0,C
501207,1128,103,2025-10-31,15603.98,Liquidado,0,A
501208,1175,103,2025-03-10,17835.84,Em Dia,0,C
501209,1199,103,2025-12-27,13886.03,Liquidado,0,B
501210,1083,101,2025-03-31,6389.89,Em Dia,0,E
501211,1214,103,2025-08-08,15610.81,Liquidado,0,A
501212,1063,103,2025-07-11,8296.11,Em Dia,0,C
501213,1185,102,2025-03-04,49953.87,Em Dia,0,A
501214,1183,101,2025-03-14,21580.45,Em Dia,0,C
501215,1060,101,2025-06-10,1393.81,Em Dia,0,B
501216,1099,101,2025-06-18,1338.53,Liquidado,0,B
501217,1062,102,2025-03-30,31465.43,Liquidado,0,A
501218,1030,102,2025-06-25,78634.4,Em Dia,0,A
501219,1221,101,2025-09-26,4102.61,Liquidado,0,D
501220,1022,102,2025-03-14,77580.93,Em Dia,0,A
501221,1203,101,2025-09-02,4240.37,Em Atraso,116,E
501222,1212,103,2025-03-18,16277.74,Liquidado,0,A
501223,1126,104,2025-06-08,327933.7,Em Dia,0,C
501224,1157,101,2025-11-20,7064.05,Em Dia,0,E
501225,1243,101,2025-04-08,3793.89,Em Dia,0,D
501226,1169,101,2025-04-12,7566.63,Em Dia,0,C
501227,1042,103,2025-05-12,18798.8,Liquidado,0,B
501228,1098,103,2025-04-12,16097.87,Em Dia,0,A
501229,1193,104,2025-01-19,589907.09,Em Dia,0,C
501230,1031,101,2025-03-23,1132.02,Liquidado,0,C
501231,1158,104,2025-10-06,289772.26,Em Dia,0,D
501232,1112,101,2025-12-05,3803.68,Liquidado,0,D
501233,1146,103,2025-12-31,16956.94,Liquidado,0,A
501234,1247,101,2025-11-27,1131.87,Em Dia,0,B
501235,1122,103,2025-05-09,16887.48,Em Dia,0,A
501236,1017,102,2025-12-10,40823.4,Liquidado,0,B
501237,1038,103,2025-11-06,9201.91,Liquidado,0,A
501238,1142,103,2025-03-30,14897.07,Em Dia,0,A
501239,1215,101,2025-08-01,9507.62,Liquidado,0,C
501240,1217,101,2025-05-23,5823.76,Em Dia,0,B
501241,1207,103,2025-03-06,11024.07,Liquidado,0,A
501242,1110,101,2025-03-17,9555.86,Em Atraso,134,E
501243,1184,101,2025-07-18,2799.01,Em Dia,0,B
501244,1022,102,2025-05-23,32656.2,Em Dia,0,B
501245,1195,102,2025-11-12,54647.29,Liquidado,0,A
501246,1056,101,2025-04-03,2708.07,Em Dia,0,C
501247,1119,101,2025-11-01,8670.82,Em Dia,0,B
501248,1147,101,2025-08-12,2719.33,Em Dia,0,C
501249,1057,102,2025-10-18,51992.36,Em Dia,0,A
501250,1172,103,2025-04-12,10868.75,Liquidado,0,A
501251,1226,104,2025-09-24,438822.79,Em Atraso,24,C
501252,1035,103,2025-12-21,12813.81,Em Dia,0,A
501253,1114,101,2025-04-20,1406.62,Liquidado,0,E
501254,1125,104,2025-11-26,309481.76,Em Dia,0,B
501255,1129,102,2025-09-22,48535.69,Em Dia,0,A
501256,1052,101,2025-01-03,3244.66,Em Dia,0,D
501257,1085,104,2025-03-26,31032.11,Liquidado,0,D
501258,1221,103,2025-10-09,22138.24,Liquidado,0,A
501259,1198,103,2025-11-24,14338.3,Em Dia,0,B
501260,1165,103,2025-10-31,14199.13,Liquidado,0,A
501261,1065,101,2025-04-27,2485.85,Em Dia,0,D
501262,1179,101,2025-08-09,3794.39,Em Dia,0,C
501263,1129,103,2025-06-03,17733.66,Em Dia,0,C
501264,1219,101,2025-06-02,4189.34,Em Dia,0,D
501265,1021,102,2025-01-12,49238.0,Liquidado,0,A
501266,1181,103,2025-05-13,12825.67,Em Dia,0,A
501267,1016,103,2025-10-31,16886.34,Liquidado,0,A
501268,1236,102,2025-10-20,64439.27,Liquidado,0,A
501269,1123,103,2025-10-27,16786.56,Liquidado,0,A
501270,1061,103,2025-08-16,7845.36,Em Dia,0,A
501271,1054,103,2025-09-28,18766.61,Liquidado,0,A
501272,1168,101,2025-02-12,1508.45,Em Dia,0,B
501273,1026,101,2025-12-09,20483.64,Em Atraso,48,C
501274,1080,101,2025-11-22,5130.9,Em Dia,0,E
501275,1220,101,2025-10-29,1598.07,Em Dia,0,C
501276,1065,101,2025-12-30,3498.47,Em Dia,0,D
501277,1100,101,2025-01-21,8781.62,Liquidado,0,B
501278,1074,102,2025-04-17,82216.77,Em Dia,0,B
501279,1192,104,2025-12-02,70353.7,Em Atraso,152,E
501280,1171,101,2025-10-30,2181.54,Em Dia,0,B
501281,1017,103,2025-04-27,7827.39,Em Dia,0,A
501282,1121,103,2025-05-04,14806.72,Liquidado,0,A
501283,1187,101,2025-10-08,1760.22,Em Dia,0,D
501284,1023,104,2025-10-19,60119.88,Liquidado,0,B
501285,1135,102,2025-07-22,72893.24,Em Dia,0,A
501286,1172,101,2025-02-20,7240.65,Liquidado,0,E
501287,1181,103,2025-09-28,18070.04,Liquidado,0,A
501288,1071,101,2025-11-20,11124.54,Em Dia,0,D
501289,1108,103,2025-10-04,14116.84,Em Dia,0,A
501290,1079,101,2025-05-21,2492.33,Em Dia,0,B
501291,1162,103,2025-10-02,13377.99,Em Dia,0,A
501292,1046,102,2025-10-17,53845.99,Em Dia,0,A
501293,1237,103,2025-11-30,13737.84,Em Dia,0,A
501294,1196,101,2025-02-21,12122.02,Em Atraso,63,C
501295,1206,103,2025-01-27,8426.18,Liquidado,0,A
501296,1078,103,2025-06-06,19260.66,Liquidado,0,A
501297,1016,102,2025-08-27,87815.46,Liquidado,0,A
501298,1071,103,2025-06-05,20457.14,Liquidado,0,A
501299,1096,102,2025-10-18,56972.88,Liquidado,0,A
501300,1147,103,2025-05-16,14260.83,Liquidado,0,B
501301,1002,102,2025-05-24,40866.26,Em Dia,0,A
501302,1010,103,2025-04-16,15031.63,Em Dia,0,B
501303,1178,103,2025-06-07,16351.94,Liquidado,0,A
501304,1125,102,2025-05-26,44830.57,Liquidado,0,A
501305,1081,101,2025-01-02,5953.32,Em Dia,0,D
501306,1229,102,2025-03-18,27741.28,Liquidado,0,A
501307,1140,103,2025-05-12,11686.29,Liquidado,0,A
501308,1070,101,2025-03-31,1713.6,Liquidado,0,B
501309,1150,102,2025-12-11,80530.95,Em Dia,0,A
501310,1032,103,2025-12-16,20453.04,Liquidado,0,B
501311,1105,101,2025-09-20,1664.46,Em Dia,0,C
501312,1084,103,2025-12-17,20601.2,Liquidado,0,A
501313,1129,101,2025-04-18,1285.73,Liquidado,0,C
501314,1182,101,2025-03-15,2396.28,Em Dia,0,E
501315,1239,103,2025-02-08,9200.81,Liquidado,0,A
501316,1245,101,2025-06-08,5391.26,Liquidado,0,B
501317,1058,101,2025-03-12,3937.73,Em Dia,0,B
501318,1198,103,2025-11-08,13336.56,Liquidado,0,A
501319,1211,101,2025-08-29,4995.47,Liquidado,0,B
501320,1146,104,2025-10-25,631315.08,Em Atraso,45,B
501321,1134,104,2025-02-05,25987.78,Em Dia,0,C
501322,1045,101,2025-03-25,1129.4,Liquidado,0,C
501323,1097,101,2025-09-20,3317.51,Liquidado,0,B
501324,1023,103,2025-11-06,15430.35,Liquidado,0,B
501325,1023,102,2025-06-21,59355.46,Liquidado,0,A
501326,1154,101,2025-06-22,4951.02,Em Dia,0,B
501327,1205,103,2025-12-28,8683.27,Em Dia,0,A
501328,1135,101,2025-02-16,15806.13,Liquidado,0,B
501329,1079,103,2025-05-21,11508.25,Em Dia,0,B
501330,1044,101,2025-04-28,4312.37,Liquidado,0,C
501331,1027,101,2025-10-04,5054.11,Em Dia,0,D
501332,1026,101,2025-08-02,2541.51,Em Dia,0,C
501333,1097,104,2025-08-08,138076.91,Em Dia,0,C
501334,1207,103,2025-01-26,13193.64,Em Dia,0,B
501335,1036,103,2025-01-09,22623.15,Em Dia,0,B
501336,1109,101,2025-09-28,10008.26,Liquidado,0,B
501337,1055,101,2025-01-10,6357.0,Em Dia,0,D
501338,1192,101,2025-05-01,6160.48,Em Dia,0,C
501339,1219,102,2025-05-05,51639.9,Liquidado,0,B
501340,1185,102,2025-06-19,53278.53,Liquidado,0,A
501341,1069,103,2025-03-13,21675.23,Em Dia,0,C
501342,1061,101,2025-06-01,14886.01,Em Dia,0,B
501343,1130,104,2025-07-27,209445.35,Em Atraso,49,D
501344,1055,101,2025-02-18,17098.45,Em Dia,0,B
501345,1122,104,2025-06-03,133420.42,Liquidado,0,B
501346,1097,101,2025-12-13,1422.8,Em Dia,0,D
501347,1080,102,2025-10-20,54714.46,Liquidado,0,A
501348,1087,101,2025-03-09,4055.94,Liquidado,0,C
501349,1038,102,2025-02-19,65537.17,Em Dia,0,A
501350,1119,102,2025-06-01,46740.69,Liquidado,0,A
501351,1208,102,2025-01-19,36666.68,Em Dia,0,A
501352,1078,102,2025-04-10,34971.47,Liquidado,0,A
501353,1157,103,2025-03-01,16816.37,Liquidado,0,C
501354,1154,103,2025-06-16,19154.7,Em Dia,0,B
501355,1035,103,2025-07-21,14202.77,Em Dia,0,C
501356,1079,101,2025-12-11,2852.82,Liquidado,0,B
501357,1067,103,2025-05-26,10259.44,Liquidado,0,B
501358,1087,102,2025-06-13,53220.31,Em Dia,0,A
501359,1157,101,2025-08-30,2475.23,Em Atraso,58,D
501360,1034,102,2025-03-10,84366.61,Em Dia,0,A
501361,1097,101,2025-06-24,8173.5,Em Atraso,10,B
501362,1169,101,2025-02-18,3238.35,Em Dia,0,D
501363,1169,101,2025-04-18,10163.8,Em Dia,0,E
501364,1151,101,2025-08-14,5097.51,Em Atraso,31,C
501365,1071,103,2025-06-10,16883.14,Liquidado,0,A
501366,1003,103,2025-04-29,17008.94,Em Dia,0,C
501367,1058,104,2025-05-29,333041.15,Liquidado,0,B
501368,1032,103,2025-05-30,8510.72,Em Dia,0,A
501369,1031,101,2025-10-20,1361.87,Liquidado,0,C
501370,1082,103,2025-05-23,17590.42,Em Dia,0,A
501371,1043,103,2025-06-09,16974.15,Em Dia,0,A
501372,1135,102,2025-01-11,60313.26,Liquidado,0,A
501373,1105,102,2025-05-18,26341.56,Em Dia,0,B
501374,1001,104,2025-03-19,122114.47,Em Dia,0,C
501375,1061,102,2025-03-18,55947.0,Em Dia,0,A
501376,1014,104,2025-09-11,22617.73,Em Dia,0,D
501377,1180,101,2025-09-15,4193.37,Liquidado,0,D
501378,1224,101,2025-11-16,1863.09,Liquidado,0,B
501379,1006,102,2025-10-18,64420.5,Em Atraso,89,A
501380,1103,102,2025-09-20,15721.02,Liquidado,0,B
501381,1010,103,2025-03-26,12699.56,Em Dia,0,A
501382,1071,104,2025-05-26,269231.1,Em Dia,0,B
501383,1090,101,2025-11-19,2285.1,Em Dia,0,D
501384,1226,101,2025-02-11,4848.11,Liquidado,0,D
501385,1158,103,2025-05-05,16760.09,Em Dia,0,A
501386,1228,103,2025-06-16,11049.4,Liquidado,0,A
501387,1149,101,2025-08-29,6788.87,Liquidado,0,B
501388,1126,102,2025-10-07,57285.89,Liquidado,0,A
501389,1188,103,2025-07-07,14676.99,Liquidado,0,A
501390,1209,103,2025-10-29,17061.92,Liquidado,0,A
501391,1097,102,2025-01-19,50588.91,Em Dia,0,B
501392,1074,101,2025-03-09,1824.18,Liquidado,0,B
501393,1115,104,2025-08-06,105022.53,Em Dia,0,D
501394,1191,103,2025-04-12,9593.74,Liquidado,0,A
501395,1239,102,2025-02-11,67260.45,Em Dia,0,A
501396,1170,101,2025-10-15,2302.42,Em Dia,0,C
501397,1051,103,2025-06-16,7554.42,Liquidado,0,A
501398,1192,101,2025-04-19,9678.69,Em Dia,0,C
501399,1204,101,2025-02-05,10834.87,Em Dia,0,E
501400,1056,102,2025-08-20,55407.05,Em Dia,0,A
501401,1208,101,2025-08-17,1178.51,Em Dia,0,D
501402,1041,103,2025-12-19,10501.18,Liquidado,0,A
501403,1032,101,2025-06-13,9958.87,Liquidado,0,B
501404,1015,103,2025-03-14,18607.5,Em Atraso,4,A
501405,1062,101,2025-05-16,12555.85,Em Dia,0,D
501406,1155,101,2025-12-19,1804.89,Em Dia,0,B
501407,1028,101,2025-03-11,11225.48,Liquidado,0,B
501408,1209,104,2025-07-15,142749.54,Em Dia,0,B
501409,1064,103,2025-09-26,11529.81,Em Dia,0,A
501410,1238,101,2025-02-18,4940.78,Em Dia,0,B
501411,1187,103,2025-11-12,11949.77,Liquidado,0,A
501412,1242,103,2025-05-10,11159.73,Em Dia,0,A
501413,1186,104,2025-01-05,199887.73,Em Dia,0,C
501414,1130,101,2025-01-27,1989.45,Em Dia,0,C
501415,1127,103,2025-06-09,16047.34,Liquidado,0,C
501416,1036,101,2025-05-29,4188.72,Em Atraso,81,E
501417,1114,101,2025-09-21,1194.39,Liquidado,0,D
501418,1199,104,2025-08-18,208024.97,Liquidado,0,C
501419,1013,102,2025-07-19,48769.54,Em Dia,0,A
501420,1015,101,2025-02-19,5636.27,Liquidado,0,B
501421,1089,101,2025-03-08,4910.66,Em Dia,0,C
501422,1215,103,2025-10-27,17973.45,Em Dia,0,A
501423,1188,103,2025-02-27,14485.39,Liquidado,0,A
501424,1022,101,2025-09-16,2345.29,Em Atraso,89,B
501425,1191,104,2025-12-08,78878.05,Em Dia,0,C
501426,1218,101,2025-11-22,2888.45,Em Dia,0,C
501427,1225,101,2025-05-10,6370.95,Em Dia,0,C
501428,1203,104,2025-08-03,90094.29,Liquidado,0,C
501429,1074,101,2025-06-21,11430.11,Em Dia,0,D
501430,1025,101,2025-09-15,5183.0,Em Dia,0,E
501431,1101,102,2025-04-12,44565.91,Liquidado,0,A
501432,1176,103,2025-07-28,19088.84,Em Dia,0,A
501433,1171,101,2025-10-18,12910.27,Em Dia,0,D
501434,1117,104,2025-12-20,152422.6,Em Dia,0,C
501435,1166,103,2025-10-13,15248.89,Em Dia,0,C
501436,1041,101,2025-04-26,7147.08,Em Dia,0,B
501437,1173,103,2025-09-21,18470.44,Em Dia,0,A
501438,1088,101,2025-05-30,1511.72,Em Dia,0,B
501439,1168,102,2025-10-27,61356.87,Liquidado,0,A
501440,1110,103,2025-02-05,11579.33,Liquidado,0,A
501441,1120,104,2025-11-29,341348.61,Liquidado,0,B
501442,1097,101,2025-10-14,6731.67,Em Dia,0,C
501443,1145,102,2025-10-30,73066.03,Em Dia,0,B
501444,1216,102,2025-11-07,50881.83,Liquidado,0,A
501445,1229,101,2025-07-27,1209.84,Liquidado,0,C
501446,1057,101,2025-04-16,16043.64,Liquidado,0,D
501447,1130,101,2025-06-07,2695.38,Em Dia,0,E
501448,1096,103,2025-05-01,7071.34,Liquidado,0,B
501449,1121,102,2025-02-24,56232.36,Liquidado,0,A
501450,1062,101,2025-01-12,5082.14,Em Dia,0,E
501451,1216,103,2025-05-25,17969.83,Liquidado,0,A
501452,1137,103,2025-05-16,16099.77,Liquidado,0,A
501453,1068,102,2025-01-03,56055.16,Em Dia,0,A
501454,1081,101,2025-05-24,3605.42,Em Atraso,71,B
501455,1017,103,2025-01-30,10893.16,Em Dia,0,A
501456,1117,101,2025-08-25,1047.76,Em Dia,0,E
501457,1050,101,2025-10-06,21377.54,Em Dia,0,B
501458,1112,103,2025-12-14,15681.66,Em Dia,0,A
501459,1094,101,2025-04-25,3241.0,Em Dia,0,B
501460,1168,101,2025-04-14,3347.24,Liquidado,0,B
501461,1186,101,2025-04-28,6314.14,Liquidado,0,B
501462,1203,101,2025-01-05,1291.93,Em Dia,0,C
501463,1085,101,2025-12-26,3666.32,Liquidado,0,C
501464,1149,104,2025-09-05,53835.89,Em Dia,0,B
501465,1146,101,2025-12-30,4767.2,Liquidado,0,E
501466,1183,101,2025-11-17,5579.8,Em Dia,0,C
501467,1157,101,2025-05-01,11324.12,Liquidado,0,B
501468,1152,104,2025-10-13,187335.47,Liquidado,0,C
501469,1074,102,2025-05-29,37518.94,Liquidado,0,A
501470,1109,101,2025-03-25,3664.12,Em Dia,0,C
501471,1145,103,2025-08-19,10660.13,Liquidado,0,C
501472,1018,101,2025-10-15,16076.43,Em Dia,0,C
501473,1042,101,2025-06-10,3814.04,Em Dia,0,C
501474,1240,101,2025-09-29,12313.67,Liquidado,0,B
501475,1212,101,2025-02-07,4428.23,Em Dia,0,E
501476,1101,101,2025-08-14,6277.97,Em Dia,0,D
501477,1045,103,2025-05-22,6927.06,Em Dia,0,C
501478,1082,101,2025-10-19,7520.17,Em Dia,0,B
501479,1017,102,2025-05-31,69839.27,Liquidado,0,A
501480,1073,101,2025-04-24,7271.46,Em Dia,0,C
501481,1014,101,2025-08-25,2569.71,Em Dia,0,C
501482,1177,102,2025-03-07,26050.23,Em Dia,0,A
501483,1157,104,2025-12-27,65148.83,Em Dia,0,C
501484,1223,101,2025-12-07,6946.82,Em Dia,0,D
501485,1132,103,2025-09-15,17961.2,Liquidado,0,A
501486,1082,101,2025-09-06,2470.63,Em Dia,0,B
501487,1148,101,2025-11-27,1489.1,Em Atraso,65,E
501488,1120,101,2025-11-19,1895.76,Em Dia,0,B
501489,1120,101,2025-06-29,3422.93,Em Dia,0,C
501490,1047,101,2025-07-09,7338.71,Em Dia,0,B
501491,1107,101,2025-06-03,6158.97,Liquidado,0,B
501492,1108,103,2025-07-15,16629.02,Liquidado,0,A
501493,1009,101,2025-11-07,3024.08,Em Dia,0,D
501494,1205,102,2025-09-19,42429.96,Em Dia,0,A
501495,1079,101,2025-05-23,9476.29,Em Dia,0,D
501496,1155,102,2025-12-08,51420.79,Liquidado,0,A
501497,1015,102,2025-11-12,47792.03,Em Dia,0,A
501498,1220,101,2025-04-11,12112.68,Em Atraso,51,C
501499,1229,101,2025-09-01,7446.24,Liquidado,0,B
501500,1247,103,2025-01-12,20663.75,Em Dia,0,A
501501,1019,103,2025-08-27,12135.43,Liquidado,0,A
501502,1090,101,2025-02-18,5804.51,Em Dia,0,E
501503,1180,101,2025-02-11,5345.2,Em Atraso,144,E
501504,1026,103,2025-06-15,13511.13,Liquidado,0,B
501505,1217,101,2025-03-23,7258.04,Em Dia,0,C
501506,1154,102,2025-10-18,39665.53,Liquidado,0,A
501507,1154,101,2025-06-07,5483.75,Liquidado,0,B
501508,1174,101,2025-08-04,1619.11,Em Dia,0,D
501509,1092,102,2025-06-07,47307.05,Em Dia,0,B
501510,1177,102,2025-05-14,85160.81,Em Dia,0,A
501511,1082,101,2025-03-08,7359.29,Liquidado,0,B
501512,1224,102,2025-12-02,58017.61,Em Dia,0,A
501513,1181,103,2025-01-07,16827.82,Liquidado,0,A
501514,1131,102,2025-01-14,39498.01,Em Dia,0,B
501515,1194,101,2025-03-14,5987.15,Liquidado,0,B
501516,1225,102,2025-06-12,54833.61,Em Dia,0,A
501517,1042,103,2025-03-07,9635.48,Em Dia,0,A
501518,1019,103,2025-12-13,21111.93,Em Dia,0,A
501519,1017,103,2025-05-10,16127.8,Em Dia,0,A
501520,1236,101,2025-07-25,25063.77,Em Dia,0,B
501521,1161,103,2025-10-03,21319.23,Liquidado,0,A
501522,1076,103,2025-09-13,10727.74,Em Atraso,51,C
501523,1177,101,2025-09-23,1387.72,Liquidado,0,C
501524,1184,102,2025-01-25,44560.07,Liquidado,0,A
501525,1063,101,2025-10-08,11130.32,Liquidado,0,B
501526,1131,103,2025-09-10,10231.92,Em Dia,0,B
501527,1107,101,2025-11-06,1214.21,Em Atraso,38,B
501528,1049,102,2025-10-16,47464.86,Liquidado,0,B
501529,1055,104,2025-06-13,57532.62,Liquidado,0,B
501530,1154,103,2025-04-05,11917.47,Liquidado,0,A
501531,1099,104,2025-09-27,285085.59,Liquidado,0,B
501532,1200,104,2025-11-17,159421.88,Em Dia,0,B
501533,1052,101,2025-04-20,3865.34,Em Dia,0,D
501534,1100,103,2025-12-02,17064.36,Em Dia,0,A
501535,1117,102,2025-11-06,86155.76,Em Atraso,57,A
501536,1118,103,2025-08-26,16965.6,Liquidado,0,A
501537,1007,101,2025-01-25,1228.76,Liquidado,0,B
501538,1046,104,2025-05-21,100433.18,Em Dia,0,B
501539,1046,103,2025-04-27,12636.01,Em Dia,0,A
501540,1100,103,2025-01-25,12813.07,Liquidado,0,A
501541,1144,101,2025-03-20,5314.87,Liquidado,0,B
501542,1152,101,2025-03-09,2202.94,Em Dia,0,C
501543,1189,103,2025-06-22,10341.65,Liquidado,0,B
501544,1054,101,2025-01-12,1814.43,Em Dia,0,B
501545,1062,103,2025-10-15,18300.19,Em Dia,0,A
501546,1129,101,2025-05-08,10941.35,Em Dia,0,B
501547,1049,103,2025-04-06,12442.6,Em Dia,0,A
501548,1025,101,2025-04-02,3688.33,Liquidado,0,D
501549,1010,103,2025-05-21,9991.87,Em Dia,0,B
501550,1118,103,2025-01-31,17111.35,Em Dia,0,A
501551,1208,101,2025-11-30,5839.36,Em Dia,0,C
501552,1144,101,2025-01-20,2214.76,Liquidado,0,B
501553,1186,101,2025-05-26,12107.33,Em Dia,0,E
501554,1200,102,2025-11-12,54231.21,Em Dia,0,A
501555,1157,102,2025-06-09,33077.4,Em Dia,0,A
501556,1231,103,2025-12-15,16591.96,Liquidado,0,A
501557,1092,102,2025-02-12,59343.71,Em Dia,0,A
501558,1134,102,2025-09-11,57369.51,Em Dia,0,A
501559,1144,101,2025-05-10,3509.1,Em Dia,0,D
501560,1148,101,2025-03-01,6700.5,Em Dia,0,C
501561,1080,101,2025-05-31,8690.61,Em Dia,0,C
501562,1071,104,2025-10-14,123151.5,Em Atraso,163,F
501563,1233,103,2025-01-05,17702.07,Liquidado,0,A
501564,1078,101,2025-09-23,11813.84,Liquidado,0,B
501565,1043,102,2025-12-11,47530.56,Em Dia,0,A
501566,1154,103,2025-05-10,12663.08,Liquidado,0,B
501567,1090,102,2025-09-24,95610.3,Liquidado,0,A
501568,1078,101,2025-06-27,8630.56,Em Dia,0,C
501569,1199,101,2025-09-10,4284.59,Liquidado,0,C
501570,1161,102,2025-02-25,53679.15,Liquidado,0,A
501571,1026,104,2025-03-24,400300.22,Em Atraso,163,F
501572,1121,103,2025-04-09,10512.13,Em Dia,0,A
501573,1045,101,2025-05-29,9083.65,Em Dia,0,C
501574,1212,101,2025-11-25,14072.29,Liquidado,0,C
501575,1063,103,2025-06-05,21670.47,Liquidado,0,B
501576,1195,103,2025-07-09,11813.13,Em Dia,0,A
501577,1180,103,2025-09-20,14565.53,Em Dia,0,B
501578,1068,103,2025-03-21,20627.88,Em Dia,0,A
501579,1154,101,2025-09-09,12544.39,Em Dia,0,B
501580,1203,103,2025-04-07,12400.11,Liquidado,0,B
501581,1002,103,2025-09-17,12777.8,Liquidado,0,B
501582,1142,101,2025-09-17,27540.55,Liquidado,0,B
501583,1108,103,2025-04-13,12554.99,Em Dia,0,A
501584,1030,101,2025-02-09,4360.38,Liquidado,0,B
501585,1049,101,2025-09-30,18984.15,Em Dia,0,B
501586,1140,101,2025-04-11,4250.61,Em Dia,0,D
501587,1218,101,2025-12-25,3891.66,Em Dia,0,B
501588,1044,101,2025-11-04,2951.46,Em Dia,0,D
501589,1161,102,2025-08-09,61162.79,Liquidado,0,A
501590,1013,102,2025-11-04,59889.9,Em Dia,0,A
501591,1078,102,2025-05-04,36138.59,Liquidado,0,B
501592,1216,101,2025-08-19,1548.71,Em Atraso,3,C
501593,1126,101,2025-06-27,3858.17,Em Dia,0,B
501594,1098,103,2025-03-04,25501.22,Em Dia,0,A
501595,1236,101,2025-04-26,11527.54,Em Dia,0,E
501596,1026,101,2025-07-10,1217.62,Em Atraso,123,E
501597,1149,103,2025-03-03,14324.91,Liquidado,0,A
501598,1156,103,2025-09-13,13338.14,Em Dia,0,A
501599,1048,103,2025-01-07,14164.68,Liquidado,0,A
501600,1228,102,2025-06-04,47601.2,Em Dia,0,A
501601,1168,101,2025-04-02,3094.47,Em Dia,0,B
501602,1066,103,2025-01-14,23709.38,Em Dia,0,C
501603,1234,101,2025-08-17,9916.34,Em Dia,0,D
501604,1201,102,2025-03-27,33551.54,Em Dia,0,A
501605,1087,101,2025-05-13,7174.06,Liquidado,0,C
501606,1079,103,2025-07-02,21935.43,Em Dia,0,B
501607,1205,101,2025-03-03,15991.02,Liquidado,0,C
501608,1023,104,2025-08-07,39451.22,Liquidado,0,D
501609,1081,103,2025-09-03,13947.13,Em Dia,0,B
501610,1048,102,2025-08-18,57374.41,Liquidado,0,B
501611,1124,103,2025-03-20,11693.81,Liquidado,0,A
501612,1130,103,2025-05-29,15778.47,Liquidado,0,B
501613,1084,103,2025-05-18,12177.75,Liquidado,0,B
501614,1020,102,2025-11-10,46879.62,Em Dia,0,B
501615,1187,103,2025-03-06,14662.15,Em Dia,0,A
501616,1046,102,2025-01-13,52710.31,Liquidado,0,A
501617,1131,104,2025-08-01,354445.56,Em Dia,0,B
501618,1183,102,2025-08-30,38827.95,Em Dia,0,A
501619,1012,102,2025-08-01,45745.98,Liquidado,0,B
501620,1040,103,2025-06-30,15101.37,Liquidado,0,B
501621,1066,103,2025-12-04,19057.35,Liquidado,0,A
501622,1100,102,2025-06-22,57113.42,Em Dia,0,A
501623,1078,101,2025-06-09,14759.35,Liquidado,0,D
501624,1016,102,2025-06-13,25365.81,Em Dia,0,A
501625,1083,104,2025-07-07,438078.7,Em Atraso,88,F
501626,1162,103,2025-07-10,19044.48,Em Dia,0,A
501627,1044,103,2025-11-04,24336.99,Liquidado,0,A
501628,1238,101,2025-09-13,2307.41,Em Dia,0,C
501629,1134,102,2025-07-02,65049.7,Liquidado,0,A
501630,1205,103,2025-04-27,20062.09,Em Dia,0,C
501631,1192,103,2025-10-09,11876.78,Liquidado,0,A
501632,1100,101,2025-07-15,6732.08,Em Dia,0,E
501633,1022,103,2025-02-03,13046.91,Em Dia,0,A
501634,1018,102,2025-02-21,56828.12,Liquidado,0,A
501635,1012,101,2025-04-22,4349.2,Em Dia,0,C
501636,1180,101,2025-09-09,16809.7,Em Dia,0,D
501637,1123,101,2025-03-23,1888.81,Em Dia,0,D
501638,1246,102,2025-08-20,52544.25,Em Dia,0,A
501639,1222,101,2025-08-15,1913.48,Liquidado,0,B
501640,1117,101,2025-08-21,8934.74,Em Dia,0,C
501641,1051,103,2025-08-09,14301.16,Liquidado,0,A
501642,1232,101,2025-02-11,11420.32,Em Dia,0,C
501643,1071,101,2025-01-21,1181.82,Em Dia,0,B
501644,1224,102,2025-02-11,31304.9,Liquidado,0,A
501645,1048,102,2025-04-23,46626.2,Liquidado,0,B
501646,1019,103,2025-04-15,12490.16,Em Dia,0,A
501647,1006,102,2025-07-11,49627.55,Liquidado,0,A
501648,1084,103,2025-01-17,16650.57,Em Dia,0,B
501649,1155,103,2025-04-30,20520.49,Em Dia,0,B
501650,1053,101,2025-05-09,9780.33,Em Dia,0,C
501651,1107,101,2025-05-10,2352.2,Em Dia,0,D
501652,1101,102,2025-03-01,58390.33,Em Dia,0,A
501653,1048,101,2025-02-17,6965.39,Em Dia,0,E
501654,1135,103,2025-01-29,9998.1,Liquidado,0,C
501655,1187,102,2025-04-07,60941.33,Em Dia,0,A
501656,1069,101,2025-01-10,3191.89,Em Atraso,137,E
501657,1011,101,2025-08-30,9328.21,Liquidado,0,B
501658,1143,101,2025-11-10,2173.51,Liquidado,0,C
501659,1192,102,2025-08-20,56381.59,Liquidado,0,B
501660,1131,102,2025-10-04,64585.47,Em Dia,0,A
501661,1122,102,2025-10-11,85301.68,Liquidado,0,A
501662,1069,101,2025-07-22,1178.3,Em Dia,0,C
501663,1023,103,2025-09-04,18912.23,Liquidado,0,B
501664,1181,103,2025-10-17,13789.43,Em Dia,0,A
501665,1037,101,2025-09-21,4586.54,Em Dia,0,C
501666,1009,102,2025-08-02,69221.05,Em Dia,0,A
501667,1015,104,2025-07-19,326340.9,Em Dia,0,C
501668,1131,101,2025-03-20,8076.02,Liquidado,0,B
501669,1093,102,2025-12-09,53494.66,Em Dia,0,A
501670,1198,101,2025-12-10,1990.94,Em Dia,0,C
501671,1017,103,2025-06-22,11433.1,Em Dia,0,A
501672,1154,101,2025-03-10,8676.83,Liquidado,0,B
501673,1149,104,2025-03-28,137441.88,Em Dia,0,D
501674,1072,103,2025-04-11,9838.94,Em Dia,0,A
501675,1149,103,2025-01-08,21083.52,Em Dia,0,A
501676,1121,103,2025-11-29,11615.45,Liquidado,0,A
501677,1011,102,2025-07-19,35311.53,Em Dia,0,B
501678,1166,102,2025-03-28,7704.71,Liquidado,0,A
501679,1072,103,2025-02-12,13433.84,Em Dia,0,C
501680,1106,104,2025-04-19,25374.39,Em Dia,0,C
501681,1216,102,2025-06-01,50443.72,Liquidado,0,B
501682,1125,104,2025-01-17,63990.46,Liquidado,0,B
501683,1035,102,2025-05-13,47211.18,Em Dia,0,A
501684,1119,102,2025-05-28,57648.43,Em Dia,0,A
501685,1014,102,2025-10-04,61360.89,Liquidado,0,A
501686,1247,101,2025-08-20,3874.84,Em Dia,0,B
501687,1014,101,2025-11-10,5826.31,Em Dia,0,D
501688,1010,101,2025-08-16,6509.34,Em Dia,0,B
501689,1140,102,2025-05-19,48624.83,Em Dia,0,A
501690,1038,101,2025-07-30,9077.64,Em Dia,0,C
501691,1108,102,2025-01-28,58271.4,Em Dia,0,A
501692,1119,104,2025-02-20,42280.38,Liquidado,0,B
501693,1238,101,2025-09-18,2683.23,Em Dia,0,B
501694,1034,102,2025-09-18,41753.66,Liquidado,0,A
501695,1169,101,2025-12-16,3177.67,Em Dia,0,B
501696,1010,101,2025-12-18,3236.67,Em Dia,0,C
501697,1122,103,2025-01-08,14789.67,Liquidado,0,A
501698,1145,102,2025-11-16,55057.18,Em Atraso,52,A
501699,1145,103,2025-05-18,12957.01,Em Dia,0,A
501700,1195,101,2025-02-07,1797.23,Liquidado,0,B
501701,1190,102,2025-04-21,58817.06,Em Dia,0,A
501702,1223,101,2025-08-08,2394.98,Em Atraso,177,E
501703,1115,101,2025-12-03,1260.85,Liquidado,0,B
501704,1001,101,2025-08-11,9860.27,Em Dia,0,E
501705,1012,101,2025-05-16,3901.68,Em Dia,0,E
501706,1103,101,2025-09-13,2725.88,Liquidado,0,B
501707,1004,101,2025-12-26,1184.74,Em Dia,0,E
501708,1170,104,2025-11-25,74932.69,Em Dia,0,C
501709,1141,101,2025-02-18,3282.61,Liquidado,0,B
501710,1098,101,2025-10-19,7526.95,Liquidado,0,B
501711,1106,101,2025-11-20,3783.95,Em Dia,0,B
501712,1085,102,2025-03-19,60058.98,Liquidado,0,A
501713,1214,101,2025-04-15,1946.45,Em Dia,0,C
501714,1121,103,2025-06-18,16009.48,Em Dia,0,A
501715,1132,104,2025-08-05,94323.83,Em Dia,0,C
501716,1082,101,2025-04-29,9289.95,Em Dia,0,C
501717,1197,102,2025-07-09,72665.96,Em Dia,0,A
501718,1019,101,2025-09-12,2097.22,Liquidado,0,C
501719,1130,103,2025-09-23,11138.42,Liquidado,0,A
501720,1012,102,2025-05-29,40740.36,Liquidado,0,A
501721,1081,101,2025-06-13,1270.56,Liquidado,0,B
501722,1074,101,2025-05-20,1625.81,Liquidado,0,C
501723,1098,103,2025-12-13,14112.95,Em Dia,0,A
501724,1006,102,2025-09-15,54415.35,Em Dia,0,A
501725,1136,101,2025-09-26,3368.84,Em Dia,0,C
501726,1125,103,2025-06-30,10864.44,Liquidado,0,A
501727,1051,102,2025-06-09,47944.86,Em Dia,0,A
501728,1011,103,2025-12-17,14364.54,Liquidado,0,A
501729,1191,101,2025-10-15,2375.72,Em Dia,0,B
501730,1185,103,2025-10-15,19210.32,Em Dia,0,A
501731,1127,103,2025-08-14,18319.59,Em Dia,0,A
501732,1140,101,2025-01-11,10608.92,Liquidado,0,D
501733,1073,103,2025-01-10,15850.7,Liquidado,0,A
501734,1002,102,2025-09-28,55284.32,Em Dia,0,A
501735,1008,104,2025-09-30,63726.87,Liquidado,0,B
501736,1250,101,2025-07-02,3556.44,Liquidado,0,D
501737,1139,103,2025-06-02,12609.64,Em Dia,0,A
501738,1124,101,2025-11-11,11833.32,Em Dia,0,B
501739,1053,104,2025-11-30,35249.23,Em Dia,0,C
501740,1228,101,2025-05-04,7597.67,Liquidado,0,B
501741,1010,104,2025-04-24,169778.87,Em Dia,0,C
501742,1213,104,2025-10-05,291306.73,Em Dia,0,C
501743,1212,101,2025-08-01,6346.85,Em Dia,0,D
501744,1112,103,2025-06-21,14242.95,Liquidado,0,C
501745,1008,104,2025-10-15,152547.79,Em Dia,0,D
501746,1036,101,2025-06-23,3328.23,Liquidado,0,B
501747,1221,102,2025-04-23,42171.94,Em Dia,0,A
501748,1106,102,2025-05-02,64683.57,Liquidado,0,A
501749,1204,101,2025-02-01,2551.11,Em Dia,0,B
501750,1014,101,2025-08-10,4090.01,Em Dia,0,C
501751,1240,101,2025-04-29,22722.92,Em Dia,0,B
501752,1182,101,2025-02-08,2368.95,Liquidado,0,C
501753,1242,102,2025-09-25,62660.98,Liquidado,0,A
501754,1213,101,2025-08-21,1187.41,Liquidado,0,D
501755,1086,103,2025-01-18,13435.2,Em Dia,0,A
501756,1149,103,2025-05-29,5952.2,Liquidado,0,A
501757,1236,101,2025-05-29,1265.44,Em Dia,0,D
501758,1050,103,2025-05-06,14037.36,Em Dia,0,B
501759,1222,103,2025-10-29,18574.91,Liquidado,0,A
501760,1167,104,2025-12-26,145691.01,Em Dia,0,C
501761,1020,101,2025-08-26,1793.92,Liquidado,0,C
501762,1216,101,2025-05-15,1073.62,Liquidado,0,C
501763,1087,104,2025-05-31,240720.09,Em Atraso,60,E
501764,1135,104,2025-08-24,67131.87,Liquidado,0,D
501765,1137,103,2025-08-12,17784.76,Em Dia,0,A
501766,1129,103,2025-07-22,20885.6,Em Atraso,63,A
501767,1154,101,2025-09-13,1979.08,Liquidado,0,B
501768,1166,102,2025-03-27,61807.96,Liquidado,0,A
501769,1038,101,2025-05-30,6813.78,Em Dia,0,C
501770,1246,101,2025-08-23,3879.72,Em Dia,0,C
501771,1189,103,2025-12-11,20876.8,Liquidado,0,A
501772,1044,101,2025-01-22,4890.37,Em Dia,0,C
501773,1086,102,2025-12-14,65462.34,Em Dia,0,A
501774,1044,104,2025-10-12,209074.56,Em Dia,0,B
501775,1074,101,2025-09-26,4329.26,Liquidado,0,B
501776,1119,104,2025-09-15,31728.09,Liquidado,0,B
501777,1190,104,2025-01-29,24591.12,Liquidado,0,D
501778,1122,102,2025-08-01,48758.95,Em Dia,0,A
501779,1134,101,2025-10-10,1608.9,Em Dia,0,D
501780,1145,101,2025-02-19,3092.98,Liquidado,0,B
501781,1051,102,2025-04-05,36788.76,Liquidado,0,A
501782,1242,101,2025-03-29,5519.45,Em Dia,0,B
501783,1038,101,2025-02-13,2230.62,Liquidado,0,D
501784,1152,104,2025-10-05,211678.73,Em Dia,0,C
501785,1051,101,2025-06-20,1197.15,Liquidado,0,C
501786,1010,103,2025-07-08,13388.8,Liquidado,0,A
501787,1120,101,2025-12-19,3873.17,Liquidado,0,B
501788,1200,102,2025-07-03,54948.84,Em Dia,0,A
501789,1149,104,2025-01-03,136291.83,Liquidado,0,C
501790,1248,101,2025-07-10,1779.16,Em Dia,0,D
501791,1070,101,2025-04-28,5763.9,Em Dia,0,C
501792,1085,103,2025-01-19,15263.24,Em Dia,0,A
501793,1057,103,2025-01-23,13720.8,Em Atraso,32,A
501794,1126,103,2025-01-30,10928.25,Em Dia,0,A
501795,1039,101,2025-10-22,1984.29,Em Dia,0,B
501796,1216,101,2025-04-18,3319.65,Liquidado,0,B
501797,1033,104,2025-10-08,24003.77,Em Dia,0,F
501798,1187,104,2025-05-08,405653.54,Em Dia,0,F
501799,1018,102,2025-08-17,12136.67,Liquidado,0,A
501800,1184,103,2025-04-21,13018.79,Em Dia,0,C
501801,1220,102,2025-05-16,59526.91,Liquidado,0,A
501802,1057,102,2025-12-28,54654.93,Liquidado,0,A
501803,1244,101,2025-07-05,4593.19,Liquidado,0,B
501804,1096,102,2025-05-24,36155.35,Em Dia,0,A
501805,1204,102,2025-03-13,51408.6,Liquidado,0,B
501806,1048,101,2025-05-09,1335.54,Liquidado,0,B
501807,1042,102,2025-12-30,58740.3,Em Dia,0,A
501808,1027,103,2025-09-18,9670.82,Liquidado,0,A
501809,1074,103,2025-01-03,20015.1,Em Dia,0,A
501810,1110,103,2025-04-14,12607.75,Liquidado,0,A
501811,1249,104,2025-08-12,23314.05,Em Dia,0,C
501812,1180,101,2025-11-16,6862.26,Em Dia,0,B
501813,1170,102,2025-12-28,54860.35,Em Dia,0,A
501814,1032,103,2025-12-20,17541.41,Em Dia,0,A
501815,1234,102,2025-01-10,67761.04,Em Dia,0,B
501816,1026,101,2025-10-29,1039.93,Liquidado,0,E
501817,1025,101,2025-08-19,2544.69,Em Dia,0,C
501818,1075,103,2025-08-07,15353.26,Em Dia,0,A
501819,1023,102,2025-03-07,55660.47,Em Dia,0,A
501820,1226,103,2025-04-22,14189.28,Em Dia,0,A
501821,1057,102,2025-01-13,36520.66,Liquidado,0,B
501822,1180,103,2025-03-27,17133.46,Liquidado,0,A
501823,1232,103,2025-08-22,22906.44,Em Dia,0,C
501824,1126,103,2025-03-31,17105.85,Em Dia,0,A
501825,1087,101,2025-11-10,4254.62,Em Dia,0,C
501826,1221,102,2025-02-23,67297.55,Em Dia,0,A
501827,1031,103,2025-01-12,13773.25,Em Dia,0,B
501828,1064,101,2025-07-28,11767.31,Em Dia,0,C
501829,1199,101,2025-01-14,3506.34,Em Atraso,84,C
501830,1232,101,2025-05-01,12288.73,Em Dia,0,B
501831,1033,104,2025-01-20,464529.64,Em Dia,0,C
501832,1213,101,2025-03-16,8550.12,Em Atraso,13,C
501833,1002,103,2025-08-31,24506.16,Liquidado,0,A
501834,1018,102,2025-08-11,47212.4,Liquidado,0,A
501835,1175,102,2025-03-11,54951.03,Em Dia,0,A
501836,1161,103,2025-11-08,23011.57,Em Dia,0,A
501837,1229,101,2025-07-30,1209.35,Em Dia,0,D
501838,1226,102,2025-04-11,77956.97,Em Dia,0,B
501839,1084,103,2025-07-05,16013.78,Liquidado,0,A
501840,1035,103,2025-05-12,17356.73,Em Dia,0,C
501841,1179,101,2025-04-21,1273.09,Liquidado,0,C
501842,1114,103,2025-05-12,19014.54,Liquidado,0,A
501843,1246,103,2025-01-20,16101.44,Em Dia,0,C
501844,1146,103,2025-01-24,13055.21,Em Dia,0,A
501845,1110,102,2025-08-15,56755.88,Em Dia,0,A
501846,1088,102,2025-06-03,60247.71,Em Dia,0,A
501847,1072,104,2025-10-20,461195.56,Em Dia,0,E
501848,1125,103,2025-08-18,14969.53,Em Dia,0,A
501849,1030,102,2025-11-06,67325.9,Liquidado,0,A
501850,1172,101,2025-12-25,9455.77,Em Dia,0,D
501851,1053,101,2025-07-21,1926.93,Liquidado,0,D
501852,1138,101,2025-02-07,8687.87,Em Dia,0,B
501853,1087,101,2025-09-17,4034.86,Em Dia,0,E
501854,1180,101,2025-07-07,6006.24,Em Dia,0,B
501855,1177,103,2025-02-26,13466.55,Em Dia,0,A
501856,1139,101,2025-01-20,2351.19,Em Dia,0,B
501857,1194,103,2025-09-30,14983.73,Liquidado,0,B
501858,1186,101,2025-04-29,14460.59,Em Dia,0,E
501859,1218,101,2025-03-12,2531.16,Em Atraso,55,D
501860,1164,101,2025-01-04,6026.81,Em Dia,0,D
501861,1161,101,2025-08-09,4434.61,Em Dia,0,C
501862,1175,103,2025-01-14,7000.05,Liquidado,0,A
501863,1013,103,2025-01-03,6607.25,Em Dia,0,A
501864,1040,101,2025-08-04,2633.69,Em Dia,0,C
501865,1089,102,2025-08-17,36477.8,Liquidado,0,B
501866,1068,102,2025-12-02,69498.78,Em Dia,0,A
501867,1042,103,2025-07-05,13335.42,Liquidado,0,B
501868,1147,103,2025-02-24,16814.24,Liquidado,0,C
501869,1210,102,2025-09-11,49711.45,Em Dia,0,A
501870,1229,103,2025-01-24,18467.28,Em Dia,0,C
501871,1094,103,2025-06-11,15071.67,Em Dia,0,A
501872,1019,101,2025-06-07,5213.94,Em Dia,0,B
501873,1186,102,2025-03-23,33757.49,Liquidado,0,A
501874,1023,104,2025-06-08,146679.06,Em Dia,0,C
501875,1054,103,2025-07-07,15882.2,Em Dia,0,A
501876,1208,102,2025-03-01,39157.59,Em Dia,0,A
501877,1065,102,2025-11-01,53446.38,Liquidado,0,B
501878,1140,101,2025-11-15,10583.45,Em Dia,0,D
501879,1024,102,2025-07-30,35596.21,Liquidado,0,A
501880,1034,103,2025-06-01,13982.5,Em Dia,0,A
501881,1053,102,2025-04-19,61052.56,Em Dia,0,A
501882,1249,103,2025-03-17,18521.95,Liquidado,0,B
501883,1136,103,2025-01-30,16332.23,Em Dia,0,A
501884,1018,101,2025-11-10,3700.77,Em Atraso,144,E
501885,1057,102,2025-04-27,56404.76,Em Dia,0,B
501886,1112,102,2025-12-22,40181.53,Liquidado,0,A
501887,1005,103,2025-07-11,9834.18,Em Dia,0,A
501888,1154,101,2025-01-19,12533.23,Liquidado,0,B
501889,1158,103,2025-06-22,10317.35,Em Dia,0,B
501890,1182,103,2025-08-16,15534.53,Em Dia,0,A
501891,1013,102,2025-12-16,32787.64,Liquidado,0,A
501892,1083,104,2025-07-02,117977.59,Em Dia,0,C
501893,1029,104,2025-04-23,190656.3,Em Dia,0,C
501894,1003,101,2025-07-02,2809.19,Liquidado,0,C
501895,1090,101,2025-05-26,6521.02,Em Dia,0,D
501896,1104,104,2025-11-15,27068.95,Em Dia,0,F
501897,1123,104,2025-04-26,40307.87,Em Dia,0,C
501898,1186,101,2025-04-23,2740.11,Em Dia,0,C
501899,1250,101,2025-09-08,1626.48,Em Dia,0,B
501900,1076,101,2025-09-08,5733.8,Liquidado,0,B
501901,1130,104,2025-10-30,173553.57,Em Dia,0,D
501902,1203,101,2025-11-09,5523.18,Liquidado,0,B
501903,1108,102,2025-04-28,68369.58,Em Dia,0,A
501904,1156,103,2025-10-28,13466.09,Liquidado,0,A
501905,1082,101,2025-06-10,18860.94,Em Dia,0,D
501906,1077,103,2025-07-17,13869.56,Liquidado,0,A
501907,1229,101,2025-09-17,1088.87,Liquidado,0,B
501908,1214,103,2025-05-28,15650.42,Em Dia,0,A
501909,1204,101,2025-08-28,2387.98,Em Dia,0,B
501910,1002,103,2025-02-16,5661.31,Em Dia,0,B
501911,1127,103,2025-07-17,12153.78,Liquidado,0,A
501912,1229,101,2025-02-16,5718.07,Em Dia,0,B
501913,1135,101,2025-03-19,18785.23,Em Dia,0,E
501914,1026,102,2025-05-04,28398.18,Liquidado,0,A
501915,1218,101,2025-03-16,2554.73,Liquidado,0,D
501916,1088,103,2025-12-25,14183.0,Liquidado,0,A
501917,1204,103,2025-05-17,11199.3,Em Dia,0,A
501918,1016,102,2025-03-31,54044.06,Liquidado,0,A
501919,1151,103,2025-11-21,12764.73,Liquidado,0,A
501920,1168,103,2025-03-02,17675.86,Em Dia,0,A
501921,1188,103,2025-05-18,12645.23,Em Dia,0,A
501922,1073,102,2025-02-19,42293.0,Liquidado,0,A
501923,1032,101,2025-09-16,1050.02,Em Dia,0,C
501924,1015,101,2025-04-17,2332.0,Liquidado,0,B
501925,1229,102,2025-04-23,60301.63,Liquidado,0,B
501926,1141,102,2025-12-16,63791.13,Liquidado,0,B
501927,1005,102,2025-09-11,17584.16,Em Dia,0,A
501928,1203,101,2025-04-28,7860.36,Em Atraso,69,E
501929,1074,103,2025-07-17,13315.59,Liquidado,0,C
501930,1052,101,2025-12-03,4878.35,Em Dia,0,B
501931,1077,101,2025-12-31,1472.18,Em Atraso,149,E
501932,1169,102,2025-02-20,38186.73,Liquidado,0,A
501933,1181,101,2025-09-02,1425.78,Em Dia,0,B
501934,1110,102,2025-02-04,42950.63,Liquidado,0,A
501935,1178,101,2025-10-29,16790.26,Em Dia,0,E
501936,1143,102,2025-03-10,58154.81,Liquidado,0,A
501937,1106,102,2025-12-15,74028.48,Liquidado,0,A
501938,1248,101,2025-11-16,2721.12,Em Dia,0,D
501939,1127,101,2025-02-18,6318.85,Em Dia,0,B
501940,1007,103,2025-03-15,16148.88,Em Dia,0,B
501941,1040,102,2025-07-11,20310.2,Em Dia,0,A
501942,1156,102,2025-09-18,52408.43,Em Dia,0,A
501943,1160,101,2025-12-22,1554.12,Em Dia,0,D
501944,1099,102,2025-03-11,58457.25,Liquidado,0,A
501945,1143,102,2025-03-31,61974.7,Em Dia,0,A
501946,1240,102,2025-09-17,46459.44,Liquidado,0,B
501947,1228,103,2025-05-06,22343.65,Liquidado,0,A
501948,1085,101,2025-08-19,1093.65,Em Atraso,6,C
501949,1198,101,2025-10-22,2612.03,Em Dia,0,C
501950,1065,103,2025-05-09,8286.0,Em Dia,0,A
501951,1132,104,2025-10-07,38272.58,Em Dia,0,B
501952,1011,101,2025-11-09,8455.07,Liquidado,0,B
501953,1108,102,2025-04-10,65773.14,Em Dia,0,A
501954,1026,101,2025-11-22,1718.62,Em Dia,0,D
501955,1189,101,2025-10-24,4749.35,Liquidado,0,B
501956,1165,101,2025-07-01,6620.49,Em Dia,0,D
501957,1151,101,2025-06-23,7678.36,Em Dia,0,B
501958,1221,103,2025-11-12,9601.11,Liquidado,0,A
501959,1085,102,2025-12-30,56576.47,Em Dia,0,A
501960,1240,101,2025-07-07,24601.87,Em Dia,0,B
501961,1237,101,2025-02-26,5596.45,Em Dia,0,D
501962,1237,103,2025-01-31,16158.15,Em Dia,0,A
501963,1241,101,2025-03-25,2930.21,Em Dia,0,E
501964,1219,103,2025-06-01,11483.41,Em Dia,0,A
501965,1231,101,2025-02-05,4161.54,Liquidado,0,B
501966,1168,102,2025-08-01,39298.24,Liquidado,0,B
501967,1205,101,2025-12-30,2819.35,Liquidado,0,B
501968,1151,101,2025-04-16,7009.83,Em Dia,0,B
501969,1123,101,2025-12-08,1853.81,Em Dia,0,C
501970,1144,101,2025-08-08,1999.04,Liquidado,0,B
501971,1222,102,2025-06-12,36759.05,Liquidado,0,A
501972,1189,103,2025-08-08,16521.35,Liquidado,0,A
501973,1068,101,2025-09-27,2934.38,Liquidado,0,B
501974,1104,101,2025-04-30,5553.83,Em Dia,0,B
501975,1080,102,2025-12-02,63036.23,Liquidado,0,B
501976,1159,103,2025-07-01,19269.27,Em Dia,0,A
501977,1053,104,2025-04-16,155534.69,Liquidado,0,C
501978,1106,102,2025-08-05,60984.82,Em Dia,0,A
501979,1153,102,2025-07-24,51402.0,Liquidado,0,A
501980,1044,102,2025-03-11,47995.01,Em Dia,0,A
501981,1140,104,2025-02-13,135413.1,Liquidado,0,B
501982,1090,103,2025-11-25,4919.6,Em Atraso,84,A
501983,1101,101,2025-10-28,3001.1,Em Dia,0,B
501984,1240,101,2025-08-16,2572.44,Em Atraso,11,D
501985,1097,101,2025-07-03,6608.76,Em Atraso,145,E
501986,1220,102,2025-04-17,57309.7,Em Dia,0,A
501987,1009,103,2025-03-25,18170.96,Liquidado,0,B
501988,1012,102,2025-12-04,77985.91,Em Dia,0,A
501989,1069,101,2025-09-07,4960.59,Em Dia,0,D
501990,1182,103,2025-12-29,13709.81,Em Dia,0,A
501991,1244,103,2025-01-21,18565.76,Liquidado,0,A
501992,1182,101,2025-07-15,14618.96,Em Dia,0,B
501993,1028,103,2025-06-27,16776.26,Em Dia,0,B
501994,1056,102,2025-01-07,55694.15,Liquidado,0,B
501995,1099,103,2025-03-11,11655.25,Liquidado,0,A
501996,1197,103,2025-05-07,21032.33,Em Dia,0,A
501997,1226,102,2025-06-09,57671.23,Em Dia,0,A
501998,1110,103,2025-09-05,8662.69,Em Dia,0,A
501999,1226,103,2025-07-22,20697.13,Em Dia,0,A
502000,1077,102,2025-05-28,58900.05,Em Dia,0,A
502001,1103,101,2025-05-23,3453.34,Liquidado,0,B
502002,1106,103,2025-07-18,16047.43,Em Dia,0,A
502003,1109,101,2025-06-03,5265.61,Liquidado,0,B
502004,1112,101,2025-05-22,4959.75,Liquidado,0,C
502005,1058,103,2025-11-09,10732.93,Liquidado,0,A
502006,1078,103,2025-06-14,15944.74,Liquidado,0,A
502007,1075,102,2025-11-10,38547.69,Em Dia,0,A
502008,1042,101,2025-01-21,1445.33,Em Dia,0,B
502009,1166,101,2025-03-23,2424.41,Liquidado,0,B
502010,1068,101,2025-03-10,13333.81,Em Dia,0,D
502011,1181,101,2025-05-11,11275.27,Em Atraso,77,E
502012,1033,103,2025-03-28,8067.94,Em Dia,0,C
502013,1071,101,2025-08-06,4642.25,Em Dia,0,B
502014,1056,102,2025-11-01,55298.8,Em Dia,0,A
502015,1105,101,2025-12-11,2356.8,Liquidado,0,C
502016,1200,104,2025-12-07,26426.09,Em Dia,0,B
502017,1101,101,2025-06-10,21846.67,Liquidado,0,B
502018,1051,101,2025-06-27,1607.57,Em Dia,0,D
502019,1074,101,2025-04-27,5854.55,Em Dia,0,C
502020,1171,102,2025-07-15,69162.49,Liquidado,0,A
502021,1121,102,2025-11-23,49422.78,Liquidado,0,B
502022,1143,102,2025-03-27,44872.88,Em Dia,0,A
502023,1166,102,2025-10-16,55480.55,Em Dia,0,A
502024,1143,101,2025-03-22,7763.14,Em Dia,0,B
502025,1005,102,2025-06-01,60349.91,Em Dia,0,A
502026,1221,102,2025-03-02,48559.55,Liquidado,0,A
502027,1083,101,2025-03-02,1343.84,Em Dia,0,C
502028,1182,101,2025-12-20,5193.88,Em Dia,0,C
502029,1051,101,2025-01-28,8909.78,Liquidado,0,D
502030,1010,101,2025-02-12,8959.7,Liquidado,0,E
502031,1140,103,2025-06-18,16466.76,Em Atraso,80,A
502032,1246,101,2025-03-27,4603.39,Em Dia,0,B
502033,1004,101,2025-06-26,3890.56,Em Dia,0,B
502034,1095,101,2025-01-17,1898.02,Em Atraso,11,D
502035,1146,104,2025-04-08,143366.42,Em Dia,0,D
502036,1080,103,2025-07-17,12678.58,Em Dia,0,B
502037,1232,101,2025-04-08,24126.09,Liquidado,0,D
502038,1036,101,2025-03-06,2932.68,Em Dia,0,C
502039,1025,101,2025-11-26,4996.28,Liquidado,0,D
502040,1215,102,2025-12-07,79209.93,Liquidado,0,A
502041,1204,101,2025-01-05,5258.53,Em Dia,0,C
502042,1098,103,2025-01-02,12820.52,Em Dia,0,A
502043,1164,102,2025-01-22,52072.89,Em Dia,0,A
502044,1101,103,2025-04-22,16046.5,Em Dia,0,A
502045,1195,101,2025-02-26,7619.92,Em Dia,0,D
502046,1009,103,2025-03-07,15984.47,Liquidado,0,A
502047,1061,103,2025-11-26,21108.05,Liquidado,0,A
502048,1053,101,2025-04-08,7307.06,Liquidado,0,B
502049,1146,101,2025-05-24,1799.22,Em Dia,0,B
502050,1171,101,2025-05-05,3218.97,Liquidado,0,B
502051,1163,101,2025-06-16,2716.0,Liquidado,0,C
502052,1063,101,2025-03-27,5112.37,Liquidado,0,B
502053,1121,102,2025-03-17,58551.95,Liquidado,0,A
502054,1247,102,2025-12-10,43582.49,Liquidado,0,A
502055,1226,104,2025-10-21,43451.23,Em Dia,0,C
502056,1105,101,2025-02-28,2824.68,Em Dia,0,C
502057,1206,104,2025-05-18,32543.82,Em Dia,0,E
502058,1004,101,2025-04-09,8751.91,Em Dia,0,C
502059,1093,103,2025-07-11,23011.79,Em Dia,0,A
502060,1169,101,2025-08-31,1844.29,Em Dia,0,C
502061,1173,101,2025-11-15,8621.56,Em Dia,0,C
502062,1178,103,2025-02-18,13343.16,Em Dia,0,A
502063,1207,101,2025-02-01,16244.19,Liquidado,0,B
502064,1028,103,2025-10-04,11220.99,Em Dia,0,A
502065,1170,102,2025-01-20,40974.96,Em Dia,0,B
502066,1080,102,2025-06-03,51034.96,Em Dia,0,A
502067,1076,102,2025-03-09,18168.0,Em Dia,0,A
502068,1116,103,2025-08-02,11732.42,Liquidado,0,A
502069,1069,101,2025-05-23,16803.55,Em Dia,0,B
502070,1098,103,2025-08-20,10459.95,Em Dia,0,A
502071,1234,103,2025-08-01,16977.99,Em Dia,0,A
502072,1001,101,2025-03-20,4506.61,Em Dia,0,D
502073,1167,101,2025-08-02,2694.03,Em Dia,0,B
502074,1096,103,2025-04-26,9100.89,Em Dia,0,C
502075,1218,102,2025-04-02,47532.28,Em Atraso,76,A
502076,1017,102,2025-09-27,65618.19,Liquidado,0,A
502077,1112,101,2025-06-17,2258.01,Em Dia,0,B
502078,1091,102,2025-02-27,40694.44,Liquidado,0,B
502079,1088,101,2025-10-11,1445.47,Em Dia,0,B
502080,1163,102,2025-01-26,61845.1,Liquidado,0,A
502081,1174,103,2025-03-07,6554.82,Liquidado,0,C
502082,1170,101,2025-09-05,20140.33,Liquidado,0,B
502083,1246,102,2025-09-11,62482.89,Liquidado,0,A
502084,1167,104,2025-02-13,420629.75,Liquidado,0,B
502085,1090,103,2025-04-07,19127.13,Em Dia,0,A
502086,1049,103,2025-02-11,12235.26,Liquidado,0,A
502087,1190,102,2025-08-15,78114.19,Em Dia,0,A
502088,1038,103,2025-09-19,19249.98,Liquidado,0,C
502089,1151,101,2025-06-16,3049.93,Em Dia,0,C
502090,1150,101,2025-10-06,4420.46,Em Atraso,116,E
502091,1132,101,2025-03-30,1925.29,Em Dia,0,E
502092,1177,102,2025-06-27,70419.53,Em Dia,0,A
502093,1059,103,2025-07-16,20340.42,Em Dia,0,A
502094,1201,101,2025-11-03,2159.67,Em Atraso,149,E
502095,1068,103,2025-09-24,18754.44,Em Dia,0,B
502096,1199,103,2025-09-25,15041.92,Em Dia,0,A
502097,1215,102,2025-03-15,45482.13,Liquidado,0,A
502098,1130,101,2025-01-08,2145.13,Liquidado,0,D
502099,1049,102,2025-10-24,20329.75,Em Dia,0,B
502100,1216,101,2025-06-13,6956.49,Liquidado,0,B
502101,1232,101,2025-03-26,2500.31,Em Dia,0,B
502102,1247,104,2025-03-13,146292.5,Em Dia,0,C
502103,1126,101,2025-02-24,1893.04,Em Dia,0,B
502104,1223,101,2025-02-16,5149.95,Em Dia,0,C
502105,1239,103,2025-08-26,14969.84,Liquidado,0,A
502106,1159,101,2025-04-14,10724.14,Liquidado,0,C
502107,1111,103,2025-07-29,14000.33,Liquidado,0,B
502108,1168,101,2025-02-11,1145.8,Liquidado,0,B
502109,1048,101,2025-11-12,8218.68,Em Dia,0,D
502110,1051,101,2025-09-25,11807.98,Em Dia,0,B
502111,1043,101,2025-09-20,13010.43,Liquidado,0,C
502112,1098,102,2025-12-02,70427.87,Liquidado,0,A
502113,1183,103,2025-12-31,12992.9,Em Dia,0,A
502114,1216,102,2025-09-16,56600.54,Liquidado,0,A
502115,1177,104,2025-10-10,33284.57,Em Dia,0,C
502116,1124,101,2025-04-24,2574.96,Liquidado,0,D
502117,1218,102,2025-12-29,58946.72,Em Dia,0,A
502118,1080,102,2025-02-09,53740.6,Liquidado,0,A
502119,1185,104,2025-08-08,360239.49,Liquidado,0,B
502120,1111,101,2025-05-09,5579.32,Em Dia,0,D
502121,1205,102,2025-01-08,53272.36,Em Dia,0,A
502122,1143,103,2025-04-11,15394.55,Liquidado,0,B
502123,1027,101,2025-06-25,17742.06,Liquidado,0,B
502124,1196,103,2025-04-17,12169.69,Em Dia,0,B
502125,1208,101,2025-04-11,5590.38,Em Dia,0,C
502126,1192,103,2025-09-17,13327.98,Em Dia,0,A
502127,1222,104,2025-09-03,87961.21,Em Dia,0,C
502128,1236,103,2025-10-02,22458.0,Em Dia,0,C
502129,1158,102,2025-02-01,45610.74,Liquidado,0,A
502130,1164,101,2025-05-17,9314.92,Liquidado,0,B
502131,1195,104,2025-01-12,38043.05,Em Atraso,18,C
502132,1214,102,2025-10-29,83120.69,Em Dia,0,A
502133,1113,101,2025-01-16,23812.13,Liquidado,0,B
502134,1086,103,2025-05-09,15501.63,Em Dia,0,A
502135,1114,102,2025-03-04,70933.12,Em Dia,0,A
502136,1249,101,2025-04-19,8345.29,Em Dia,0,C
502137,1242,101,2025-01-21,1461.86,Em Dia,0,C
502138,1247,101,2025-06-07,4099.31,Em Atraso,143,E
502139,1124,102,2025-09-26,38576.43,Em Dia,0,A
502140,1049,103,2025-06-11,9452.9,Liquidado,0,A
502141,1076,102,2025-09-17,41854.45,Em Dia,0,A
502142,1055,103,2025-04-12,14620.17,Liquidado,0,C
502143,1213,103,2025-08-11,15927.19,Em Dia,0,A
502144,1056,103,2025-02-28,13796.59,Em Dia,0,A
502145,1196,101,2025-09-04,3009.89,Em Dia,0,D
502146,1095,103,2025-05-08,15455.6,Em Dia,0,A
502147,1044,102,2025-10-10,65430.48,Em Dia,0,A
502148,1159,102,2025-11-21,36174.23,Em Dia,0,A
502149,1186,103,2025-01-25,19985.32,Liquidado,0,A
502150,1087,101,2025-05-11,10671.26,Em Dia,0,B
502151,1246,104,2025-12-19,306652.25,Em Dia,0,C
502152,1181,101,2025-07-15,3245.58,Em Dia,0,E
502153,1084,103,2025-10-08,10379.97,Em Dia,0,A
502154,1207,101,2025-06-03,14615.57,Em Dia,0,D
502155,1151,104,2025-05-13,38632.63,Liquidado,0,C
502156,1156,101,2025-08-15,11652.11,Em Dia,0,D
502157,1016,101,2025-07-08,6281.45,Liquidado,0,C
502158,1165,101,2025-09-22,3000.11,Em Dia,0,B
502159,1149,101,2025-05-14,1873.13,Em Dia,0,D
502160,1207,101,2025-07-30,4074.49,Liquidado,0,B
502161,1145,102,2025-03-01,67560.18,Em Dia,0,A
502162,1242,102,2025-12-30,34234.37,Liquidado,0,A
502163,1037,101,2025-12-30,7349.93,Em Dia,0,C
502164,1077,101,2025-08-01,2047.0,Liquidado,0,B
502165,1147,103,2025-08-04,19812.85,Em Dia,0,B
502166,1158,103,2025-08-14,12801.78,Liquidado,0,A
502167,1045,103,2025-05-11,10716.98,Em Dia,0,A
502168,1146,103,2025-03-17,18864.37,Em Dia,0,A
502169,1206,101,2025-10-13,2966.31,Em Dia,0,C
502170,1062,101,2025-10-04,1938.35,Em Dia,0,E
502171,1164,101,2025-06-05,13815.06,Em Dia,0,B
502172,1100,103,2025-09-05,20561.92,Em Dia,0,A
502173,1212,104,2025-08-06,386251.91,Liquidado,0,C
502174,1052,102,2025-07-09,42689.71,Em Dia,0,A
502175,1019,101,2025-06-12,3891.02,Em Atraso,3,C
502176,1109,101,2025-06-29,10081.94,Liquidado,0,D
502177,1044,101,2025-02-03,3261.43,Em Dia,0,B
502178,1007,102,2025-02-10,40330.56,Liquidado,0,A
502179,1249,101,2025-11-03,7877.81,Em Dia,0,D
502180,1172,104,2025-12-04,180773.77,Liquidado,0,C
502181,1117,101,2025-11-10,1341.43,Em Dia,0,B
502182,1068,104,2025-03-16,386667.63,Liquidado,0,B
502183,1034,103,2025-10-06,7492.67,Em Dia,0,A
502184,1194,103,2025-06-25,13387.37,Em Dia,0,B
502185,1069,103,2025-05-30,16900.33,Liquidado,0,A
502186,1055,103,2025-09-30,13842.04,Liquidado,0,A
502187,1010,103,2025-11-21,15294.02,Em Dia,0,A
502188,1224,103,2025-04-18,12837.64,Em Dia,0,A
502189,1042,102,2025-05-19,50432.58,Em Dia,0,A
502190,1041,104,2025-12-16,46803.9,Em Dia,0,D
502191,1205,103,2025-09-28,13666.08,Liquidado,0,A
502192,1231,103,2025-12-13,17649.96,Liquidado,0,B
502193,1197,103,2025-10-16,13594.3,Em Dia,0,B
502194,1122,101,2025-07-31,3362.19,Em Dia,0,E
502195,1138,101,2025-09-29,18054.52,Em Atraso,61,D
502196,1010,102,2025-03-07,72981.57,Em Dia,0,A
502197,1102,102,2025-09-05,56329.19,Liquidado,0,A
502198,1219,103,2025-06-05,17228.74,Liquidado,0,A
502199,1188,102,2025-02-16,44691.35,Em Dia,0,A
502200,1128,102,2025-07-20,74302.75,Liquidado,0,A
502201,1179,102,2025-05-28,38585.39,Liquidado,0,B
502202,1149,101,2025-05-04,10023.27,Liquidado,0,B
502203,1136,103,2025-01-01,18494.11,Em Dia,0,A
502204,1193,103,2025-09-04,13388.97,Em Dia,0,A
502205,1092,101,2025-12-09,3934.93,Em Dia,0,D
502206,1113,102,2025-05-08,35564.41,Em Dia,0,A
502207,1231,102,2025-07-10,43149.86,Liquidado,0,A
502208,1078,101,2025-03-08,1013.99,Em Atraso,141,E
502209,1085,101,2025-01-04,14167.68,Em Dia,0,C
502210,1030,104,2025-10-30,110788.37,Em Dia,0,B
502211,1213,101,2025-10-21,3454.58,Em Dia,0,C
502212,1049,101,2025-05-23,6435.95,Liquidado,0,E
502213,1009,101,2025-07-10,12505.33,Liquidado,0,B
502214,1145,103,2025-01-21,13356.06,Em Dia,0,A
502215,1069,103,2025-08-15,15298.51,Liquidado,0,A
502216,1058,103,2025-11-09,12491.85,Liquidado,0,B
502217,1185,101,2025-04-27,2265.92,Em Dia,0,B
502218,1062,103,2025-10-29,13364.0,Em Dia,0,A
502219,1223,101,2025-05-22,8748.98,Em Dia,0,C
502220,1052,101,2025-02-08,7031.08,Em Dia,0,D
502221,1189,102,2025-12-21,27058.58,Em Dia,0,A
502222,1040,101,2025-09-09,5240.09,Em Dia,0,B
502223,1166,103,2025-11-29,17532.78,Em Dia,0,B
502224,1171,104,2025-07-26,116059.29,Liquidado,0,B
502225,1063,101,2025-07-29,7800.43,Em Dia,0,D
502226,1147,103,2025-04-25,12342.93,Em Dia,0,A
502227,1228,103,2025-08-13,14877.63,Em Dia,0,A
502228,1050,104,2025-05-14,219992.56,Em Dia,0,F
502229,1161,101,2025-09-08,5346.14,Em Dia,0,C
502230,1141,102,2025-08-07,53368.99,Em Dia,0,B
502231,1078,101,2025-04-01,4588.0,Em Dia,0,D
502232,1248,103,2025-12-20,8804.08,Em Atraso,24,B
502233,1097,101,2025-02-15,3313.05,Liquidado,0,B
502234,1190,102,2025-02-07,42681.93,Em Dia,0,A
502235,1221,101,2025-05-22,12365.27,Em Dia,0,D
502236,1043,101,2025-04-10,3754.58,Liquidado,0,B
502237,1177,103,2025-11-24,15020.56,Liquidado,0,A
502238,1036,103,2025-07-09,17033.14,Em Dia,0,A
502239,1122,103,2025-02-04,9473.67,Em Dia,0,A
502240,1108,103,2025-05-27,11964.72,Em Dia,0,A
502241,1010,101,2025-01-30,7428.13,Em Dia,0,B
502242,1095,102,2025-11-30,63185.93,Liquidado,0,A
502243,1006,102,2025-03-25,35992.69,Em Dia,0,A
502244,1057,101,2025-10-08,1343.41,Liquidado,0,B
502245,1129,102,2025-12-10,63605.97,Liquidado,0,A
502246,1071,103,2025-09-27,15544.27,Em Dia,0,B
502247,1186,102,2025-06-03,58115.4,Liquidado,0,A
502248,1219,103,2025-04-12,9188.9,Liquidado,0,B
502249,1021,102,2025-08-03,50832.56,Liquidado,0,A
502250,1092,101,2025-05-30,17953.05,Em Dia,0,D
502251,1127,101,2025-03-24,5281.48,Liquidado,0,C
502252,1080,102,2025-04-20,59755.69,Em Dia,0,A
502253,1056,101,2025-10-02,3577.12,Em Dia,0,B
502254,1238,101,2025-07-20,4356.88,Liquidado,0,B
502255,1215,102,2025-10-11,73872.51,Liquidado,0,A
502256,1116,102,2025-06-22,65961.31,Em Dia,0,A
502257,1148,101,2025-11-23,3178.49,Em Dia,0,B
502258,1230,103,2025-07-25,12790.44,Liquidado,0,A
502259,1182,103,2025-03-04,12100.74,Liquidado,0,A
502260,1025,101,2025-03-14,11267.27,Em Dia,0,C
502261,1156,103,2025-09-08,20888.05,Em Dia,0,A
502262,1005,103,2025-05-04,10537.58,Em Dia,0,B
502263,1120,103,2025-05-01,21043.77,Liquidado,0,A
502264,1021,102,2025-10-02,49304.31,Em Dia,0,A
502265,1018,101,2025-04-30,2201.21,Liquidado,0,D
502266,1175,103,2025-11-13,22592.72,Em Dia,0,A
502267,1198,101,2025-06-13,6854.51,Em Dia,0,C
502268,1057,104,2025-10-13,36769.14,Liquidado,0,C
502269,1093,103,2025-09-22,11608.11,Em Dia,0,A
502270,1019,102,2025-11-16,73608.71,Liquidado,0,A
502271,1128,101,2025-06-10,5516.98,Liquidado,0,D
502272,1097,101,2025-11-04,9488.8,Liquidado,0,C
502273,1193,101,2025-03-30,4667.54,Liquidado,0,B
502274,1237,102,2025-05-22,57250.15,Em Dia,0,A
502275,1131,101,2025-07-22,8191.16,Em Atraso,3,D
502276,1170,102,2025-11-05,40429.55,Em Dia,0,A
502277,1021,101,2025-08-15,3862.92,Liquidado,0,E
502278,1227,104,2025-11-30,209786.71,Em Dia,0,C
502279,1233,101,2025-08-10,18676.06,Em Dia,0,B
502280,1040,104,2025-02-10,196278.85,Em Dia,0,B
502281,1067,104,2025-07-15,104132.4,Em Dia,0,D
502282,1153,102,2025-03-09,54235.29,Em Dia,0,B
502283,1127,103,2025-09-21,16543.25,Liquidado,0,A
502284,1237,102,2025-01-02,36119.95,Liquidado,0,A
502285,1230,103,2025-12-27,15738.58,Em Dia,0,A
502286,1237,101,2025-05-05,2423.01,Em Dia,0,C
502287,1055,101,2025-04-20,3215.58,Em Dia,0,D
502288,1212,102,2025-03-27,28060.49,Liquidado,0,A
502289,1180,102,2025-04-30,47938.04,Em Dia,0,A
502290,1172,102,2025-05-07,51764.36,Em Dia,0,A
502291,1109,101,2025-09-12,1755.67,Liquidado,0,C
502292,1098,101,2025-07-02,3468.17,Em Dia,0,B
502293,1213,101,2025-01-16,4743.76,Liquidado,0,D
502294,1184,101,2025-03-03,2290.35,Liquidado,0,B
502295,1183,101,2025-06-07,9119.37,Liquidado,0,B
502296,1112,101,2025-09-25,1335.99,Em Dia,0,B
502297,1215,101,2025-02-04,3942.16,Em Dia,0,D
502298,1198,103,2025-09-24,18279.89,Liquidado,0,A
502299,1115,101,2025-03-05,1060.86,Liquidado,0,B
502300,1117,103,2025-02-19,18784.97,Liquidado,0,A
502301,1205,101,2025-09-12,1647.22,Em Dia,0,B
502302,1241,103,2025-05-29,17736.42,Em Dia,0,A
502303,1087,102,2025-11-21,52018.75,Em Dia,0,A
502304,1201,101,2025-10-31,1693.93,Em Dia,0,B
502305,1081,102,2025-10-03,61515.04,Liquidado,0,A
502306,1066,101,2025-12-23,3559.59,Em Dia,0,D
502307,1019,102,2025-06-21,51480.56,Liquidado,0,B
502308,1211,101,2025-07-20,7158.36,Liquidado,0,B
502309,1248,104,2025-11-20,127123.64,Liquidado,0,C
502310,1135,102,2025-02-04,43933.07,Liquidado,0,A
502311,1118,101,2025-08-04,1804.04,Em Dia,0,B
502312,1191,103,2025-03-06,9748.35,Em Dia,0,C
502313,1042,101,2025-01-08,27543.61,Liquidado,0,C
502314,1042,103,2025-10-28,19160.11,Liquidado,0,B
502315,1059,102,2025-12-09,55911.9,Liquidado,0,A
502316,1020,103,2025-11-28,11160.6,Liquidado,0,A
502317,1073,101,2025-03-17,3078.87,Em Dia,0,C
502318,1017,103,2025-06-23,14100.32,Em Dia,0,A
502319,1027,103,2025-02-16,15085.62,Liquidado,0,B
502320,1175,101,2025-01-15,9826.44,Em Atraso,120,E
502321,1002,101,2025-12-27,7105.2,Liquidado,0,D
502322,1063,101,2025-05-27,1928.44,Em Dia,0,B
502323,1062,104,2025-01-26,53540.38,Liquidado,0,C
502324,1100,101,2025-11-04,2816.25,Em Atraso,80,C
502325,1019,102,2025-04-03,67707.89,Em Dia,0,A
502326,1017,101,2025-08-20,3831.15,Em Dia,0,E
502327,1069,101,2025-01-21,3136.52,Em Dia,0,E
502328,1167,102,2025-11-03,40360.25,Em Dia,0,B
502329,1210,104,2025-02-07,98804.57,Em Dia,0,D
502330,1117,102,2025-10-03,41959.63,Em Dia,0,A
502331,1246,103,2025-06-06,15004.64,Liquidado,0,A
502332,1199,102,2025-06-28,75273.18,Em Dia,0,A
502333,1081,101,2025-05-12,6670.52,Em Dia,0,D
502334,1039,101,2025-11-07,12361.96,Liquidado,0,B
502335,1036,102,2025-12-14,22145.73,Em Dia,0,A
502336,1168,104,2025-01-28,99777.31,Em Dia,0,E
502337,1173,103,2025-09-17,13682.5,Em Dia,0,A
502338,1132,101,2025-03-17,2562.14,Em Dia,0,B
502339,1230,101,2025-03-08,15235.09,Em Dia,0,C
502340,1153,101,2025-12-08,1052.62,Em Dia,0,E
502341,1197,104,2025-07-13,438295.91,Em Dia,0,C
502342,1158,103,2025-06-11,11037.42,Em Dia,0,A
502343,1204,103,2025-12-13,19690.53,Em Dia,0,A
502344,1196,101,2025-12-27,2018.11,Liquidado,0,C
502345,1216,102,2025-09-14,54516.85,Em Dia,0,A
502346,1029,102,2025-03-13,39706.49,Liquidado,0,A
502347,1201,101,2025-03-28,1694.22,Em Dia,0,B
502348,1196,102,2025-09-19,57042.31,Em Dia,0,A
502349,1051,101,2025-08-02,7004.51,Em Dia,0,B
502350,1152,101,2025-06-02,7303.57,Em Dia,0,C
502351,1014,103,2025-07-29,15579.88,Liquidado,0,A
502352,1069,103,2025-03-02,18837.97,Liquidado,0,A
502353,1146,102,2025-09-25,48779.45,Em Dia,0,A
502354,1170,102,2025-09-19,42550.01,Em Dia,0,A
502355,1057,101,2025-08-06,7578.61,Em Dia,0,D
502356,1211,103,2025-10-10,22530.06,Liquidado,0,A
502357,1012,103,2025-05-16,24499.67,Liquidado,0,B
502358,1210,103,2025-12-28,9525.4,Em Dia,0,B
502359,1017,103,2025-04-03,12314.03,Em Dia,0,A
502360,1030,101,2025-04-19,1649.69,Em Dia,0,C
502361,1088,101,2025-08-29,9344.69,Em Dia,0,C
502362,1203,102,2025-12-21,50599.26,Em Dia,0,A
502363,1099,101,2025-05-22,4015.36,Liquidado,0,C
502364,1023,103,2025-10-18,18999.7,Liquidado,0,B
502365,1209,101,2025-08-25,3664.13,Em Dia,0,B
502366,1129,101,2025-12-06,5557.98,Em Dia,0,D
502367,1079,101,2025-11-08,11345.06,Liquidado,0,E
502368,1032,104,2025-06-26,575149.97,Em Dia,0,E
502369,1009,101,2025-05-21,10072.15,Em Dia,0,D
502370,1015,103,2025-07-08,13447.89,Em Dia,0,A
502371,1156,102,2025-02-18,52086.85,Em Dia,0,A
502372,1152,101,2025-10-29,2975.31,Em Dia,0,C
502373,1188,102,2025-07-09,55805.82,Liquidado,0,A
502374,1163,103,2025-05-16,12858.2,Liquidado,0,B
502375,1214,102,2025-02-12,75447.58,Em Dia,0,A
502376,1027,103,2025-12-19,17186.74,Em Dia,0,A
502377,1211,101,2025-03-31,6898.56,Liquidado,0,B
502378,1109,101,2025-10-22,2183.78,Liquidado,0,B
502379,1076,104,2025-12-07,51851.06,Em Dia,0,F
502380,1148,101,2025-09-02,2313.05,Em Dia,0,D
502381,1065,102,2025-07-11,78191.16,Liquidado,0,A
502382,1213,103,2025-11-14,7956.69,Em Dia,0,A
502383,1177,101,2025-04-16,1881.94,Em Dia,0,B
502384,1109,103,2025-12-29,11610.4,Liquidado,0,A
502385,1129,101,2025-11-06,9213.59,Em Atraso,106,E
502386,1010,101,2025-08-21,7771.47,Em Atraso,106,E
502387,1047,101,2025-09-22,4460.71,Liquidado,0,D
502388,1123,103,2025-12-10,18878.23,Em Dia,0,A
502389,1059,101,2025-02-06,3553.37,Liquidado,0,C
502390,1096,103,2025-11-01,16454.42,Liquidado,0,A
502391,1190,104,2025-02-10,286592.42,Em Atraso,164,F
502392,1103,102,2025-01-17,67966.13,Liquidado,0,A
502393,1124,102,2025-12-10,55277.89,Liquidado,0,A
502394,1086,102,2025-10-04,49884.98,Liquidado,0,B
502395,1146,101,2025-11-03,1133.23,Em Dia,0,B
502396,1112,102,2025-02-28,52437.48,Em Dia,0,A
502397,1174,103,2025-07-02,14187.47,Em Dia,0,A
502398,1160,104,2025-02-10,154131.95,Em Atraso,162,E
502399,1027,104,2025-02-08,275176.33,Liquidado,0,C
502400,1220,103,2025-07-11,13385.63,Em Dia,0,A
502401,1018,103,2025-09-24,17111.94,Liquidado,0,A
502402,1167,102,2025-05-27,51882.82,Liquidado,0,A
502403,1177,103,2025-11-29,16732.08,Em Dia,0,C
502404,1221,103,2025-05-07,9535.33,Em Dia,0,A
502405,1082,101,2025-02-15,2305.97,Em Dia,0,B
502406,1172,104,2025-02-14,382952.38,Liquidado,0,B
502407,1072,102,2025-01-01,59924.39,Liquidado,0,B
502408,1054,103,2025-06-17,8304.64,Liquidado,0,A
502409,1223,103,2025-04-18,12769.67,Liquidado,0,A
502410,1162,104,2025-01-19,113528.39,Em Dia,0,B
502411,1071,101,2025-11-28,3429.46,Em Dia,0,B
502412,1164,103,2025-03-13,17506.46,Em Dia,0,A
502413,1146,102,2025-04-19,68481.73,Em Dia,0,A
502414,1038,101,2025-09-25,1264.45,Em Atraso,119,E
502415,1187,103,2025-08-28,15912.05,Liquidado,0,A
502416,1137,102,2025-10-28,52630.48,Em Dia,0,A
502417,1201,103,2025-03-31,15961.95,Em Dia,0,C
502418,1238,101,2025-04-13,8705.9,Em Dia,0,D
502419,1200,102,2025-09-07,71174.7,Em Dia,0,A
502420,1179,103,2025-01-08,11770.68,Em Dia,0,B
502421,1035,102,2025-06-02,39529.98,Em Dia,0,A
502422,1082,101,2025-12-13,3093.83,Liquidado,0,C
502423,1133,104,2025-06-23,126926.1,Em Dia,0,C
502424,1142,102,2025-12-09,43227.11,Liquidado,0,A
502425,1220,103,2025-06-07,17075.38,Em Dia,0,A
502426,1158,102,2025-08-03,53323.97,Em Dia,0,A
502427,1004,101,2025-06-26,4053.46,Liquidado,0,B
502428,1167,102,2025-06-24,71856.53,Liquidado,0,B
502429,1212,102,2025-12-06,33141.48,Liquidado,0,A
502430,1192,102,2025-12-04,72654.3,Liquidado,0,A
502431,1153,102,2025-05-26,46305.65,Em Dia,0,A
502432,1156,102,2025-11-20,89718.26,Liquidado,0,A
502433,1204,101,2025-06-10,2340.51,Em Atraso,40,C
502434,1194,102,2025-05-07,56809.04,Em Dia,0,B
502435,1235,101,2025-03-23,3208.01,Em Dia,0,D
502436,1206,101,2025-05-27,1208.66,Em Dia,0,B
502437,1150,104,2025-08-27,147884.69,Em Atraso,110,F
502438,1159,103,2025-03-25,13935.85,Em Dia,0,B
502439,1023,103,2025-04-23,12344.44,Em Dia,0,A
502440,1048,102,2025-08-13,59129.85,Liquidado,0,A
502441,1148,104,2025-11-28,97967.75,Em Dia,0,B
502442,1125,103,2025-08-31,13622.05,Liquidado,0,A
502443,1166,103,2025-05-23,12933.16,Liquidado,0,A
502444,1055,101,2025-02-10,2729.41,Em Dia,0,D
502445,1068,104,2025-09-15,39805.62,Em Atraso,34,C
502446,1207,103,2025-10-12,14121.89,Em Dia,0,A
502447,1088,103,2025-04-15,16513.91,Liquidado,0,B
502448,1217,101,2025-07-21,5112.69,Em Dia,0,E
502449,1001,101,2025-11-03,2169.79,Em Dia,0,B
502450,1135,101,2025-11-27,1841.49,Em Atraso,11,C
502451,1185,101,2025-09-23,3854.08,Em Dia,0,C
502452,1095,103,2025-07-29,11460.94,Liquidado,0,A
502453,1140,101,2025-02-20,9155.7,Em Atraso,66,D
502454,1106,101,2025-04-28,4979.14,Em Atraso,31,B
502455,1133,101,2025-07-20,2221.92,Em Dia,0,B
502456,1108,101,2025-02-08,5765.41,Em Dia,0,B
502457,1178,101,2025-01-28,3634.53,Liquidado,0,B
502458,1042,103,2025-09-16,11060.89,Em Dia,0,A
502459,1102,102,2025-03-25,59508.53,Em Dia,0,A
502460,1124,101,2025-06-04,8405.91,Liquidado,0,E
502461,1140,102,2025-04-27,70157.2,Liquidado,0,A
502462,1103,102,2025-01-02,63556.76,Liquidado,0,A
502463,1146,101,2025-04-03,1583.66,Em Dia,0,C
502464,1194,103,2025-06-15,12887.1,Liquidado,0,A
502465,1074,103,2025-12-16,14409.63,Em Dia,0,A
502466,1207,103,2025-10-23,16587.36,Em Dia,0,B
502467,1222,103,2025-09-15,12549.77,Liquidado,0,A
502468,1108,101,2025-03-22,6395.02,Em Atraso,125,E
502469,1122,104,2025-09-25,84931.38,Liquidado,0,B
502470,1017,103,2025-08-23,12783.19,Liquidado,0,B
502471,1196,104,2025-11-17,213300.41,Em Dia,0,B
502472,1071,101,2025-11-07,4287.85,Em Atraso,143,E
502473,1062,104,2025-10-28,192551.82,Liquidado,0,C
502474,1041,103,2025-12-23,10945.07,Liquidado,0,A
502475,1223,103,2025-08-01,16722.39,Liquidado,0,A
502476,1243,101,2025-03-03,7286.09,Liquidado,0,B
502477,1247,103,2025-02-18,13839.7,Liquidado,0,B
502478,1231,104,2025-05-07,360604.9,Em Dia,0,C
502479,1119,103,2025-08-11,17927.09,Liquidado,0,A
502480,1162,102,2025-10-06,42294.07,Em Dia,0,A
502481,1198,104,2025-10-21,246875.15,Em Atraso,91,E
502482,1242,102,2025-10-11,46269.15,Em Dia,0,A
502483,1230,102,2025-10-04,62524.84,Liquidado,0,A
502484,1045,102,2025-04-17,49330.59,Liquidado,0,A
502485,1058,104,2025-05-26,159654.69,Em Dia,0,B
502486,1179,101,2025-04-09,9007.25,Em Dia,0,D
502487,1126,102,2025-03-14,47516.32,Em Dia,0,A
502488,1162,103,2025-05-02,12643.28,Em Dia,0,A
502489,1044,103,2025-01-30,11481.3,Em Dia,0,A
502490,1015,102,2025-07-07,36814.76,Em Dia,0,B
502491,1078,104,2025-12-30,98377.1,Liquidado,0,C
502492,1070,104,2025-12-20,41329.4,Liquidado,0,C
502493,1178,101,2025-10-15,2400.49,Em Dia,0,D
502494,1101,102,2025-07-14,47216.77,Em Dia,0,A
502495,1242,101,2025-06-05,16135.92,Em Dia,0,B
502496,1160,101,2025-06-21,5385.58,Liquidado,0,B
502497,1195,102,2025-12-01,79226.38,Em Dia,0,A
502498,1003,104,2025-02-10,193121.11,Em Dia,0,C
502499,1214,103,2025-03-04,14280.93,Em Dia,0,B
502500,1086,101,2025-01-23,19045.85,Liquidado,0,B
502501,1074,101,2025-12-26,3395.57,Em Dia,0,C
502502,1051,102,2025-03-16,34004.55,Em Dia,0,A
502503,1067,102,2025-02-17,48995.62,Em Dia,0,B
502504,1076,101,2025-06-09,6456.47,Liquidado,0,C
502505,1093,103,2025-11-09,22023.16,Liquidado,0,A
502506,1176,104,2025-04-28,480428.8,Liquidado,0,D
502507,1145,102,2025-04-10,40353.74,Em Dia,0,A
502508,1007,103,2025-06-16,15027.7,Liquidado,0,A
502509,1013,101,2025-10-17,10026.92,Liquidado,0,B
502510,1120,103,2025-06-05,11306.28,Liquidado,0,A
502511,1066,102,2025-01-07,73963.19,Em Dia,0,A
502512,1004,101,2025-07-15,6809.17,Em Dia,0,B
502513,1138,104,2025-02-25,193214.71,Em Dia,0,C
502514,1231,102,2025-11-17,40031.58,Em Dia,0,A
502515,1088,103,2025-07-12,7321.3,Liquidado,0,A
502516,1017,101,2025-02-16,5027.81,Liquidado,0,B
502517,1052,101,2025-05-28,4139.2,Liquidado,0,B
502518,1134,101,2025-10-02,1558.77,Em Dia,0,B
502519,1211,102,2025-06-06,30542.07,Liquidado,0,B
502520,1069,103,2025-07-21,7970.31,Liquidado,0,A
502521,1224,101,2025-05-06,2567.06,Liquidado,0,D
502522,1202,103,2025-11-01,16244.16,Em Dia,0,A
502523,1137,103,2025-10-21,14925.37,Em Dia,0,A
502524,1219,103,2025-03-05,23401.58,Liquidado,0,A
502525,1205,102,2025-11-21,100768.08,Em Dia,0,A
502526,1211,104,2025-06-25,91132.85,Em Dia,0,C
502527,1021,102,2025-04-26,49449.15,Em Dia,0,A
502528,1024,102,2025-07-23,54985.2,Em Dia,0,B
502529,1230,101,2025-11-17,18700.94,Em Atraso,66,C
502530,1004,101,2025-01-31,1269.52,Em Atraso,17,C
502531,1152,101,2025-04-23,2191.56,Em Dia,0,C
502532,1187,103,2025-12-31,17637.61,Em Dia,0,A
502533,1227,101,2025-11-21,19467.35,Liquidado,0,D
502534,1003,101,2025-12-10,2978.0,Liquidado,0,B
502535,1068,103,2025-03-08,15932.86,Em Dia,0,A
502536,1249,101,2025-03-16,14082.41,Em Atraso,56,B
502537,1101,101,2025-02-14,10495.9,Em Dia,0,B
502538,1168,101,2025-09-17,6786.69,Em Atraso,132,E
502539,1176,103,2025-06-03,13576.72,Liquidado,0,A
502540,1054,101,2025-06-04,1088.96,Em Dia,0,C
502541,1035,102,2025-12-29,38872.69,Em Dia,0,B
502542,1223,102,2025-08-22,48089.63,Em Dia,0,A
502543,1056,103,2025-02-20,12129.77,Em Dia,0,A
502544,1108,103,2025-11-02,14982.07,Liquidado,0,B
502545,1217,103,2025-09-19,13452.06,Liquidado,0,C
502546,1040,101,2025-11-11,4329.69,Liquidado,0,C
502547,1205,101,2025-05-05,8378.47,Liquidado,0,C
502548,1068,101,2025-09-02,5687.17,Liquidado,0,C
502549,1046,101,2025-01-30,28302.1,Liquidado,0,D
502550,1078,101,2025-05-02,4894.3,Em Dia,0,B
502551,1141,101,2025-05-05,14320.03,Em Dia,0,B
502552,1155,102,2025-02-06,63356.12,Liquidado,0,A
502553,1006,103,2025-06-19,15068.74,Em Dia,0,A
502554,1017,101,2025-05-04,2513.87,Em Dia,0,B
502555,1164,103,2025-12-23,17896.3,Em Dia,0,A
502556,1232,101,2025-02-04,2581.17,Em Atraso,37,C
502557,1241,101,2025-03-28,2321.84,Liquidado,0,B
502558,1099,102,2025-05-14,74883.96,Liquidado,0,A
502559,1081,101,2025-07-15,4207.49,Liquidado,0,D
502560,1233,101,2025-10-01,2223.96,Em Dia,0,C
502561,1002,102,2025-07-20,29947.13,Liquidado,0,B
502562,1249,104,2025-10-12,233789.96,Liquidado,0,C
502563,1077,103,2025-03-18,13329.37,Em Dia,0,A
502564,1180,101,2025-02-28,5430.84,Em Dia,0,B
502565,1066,103,2025-05-06,11506.1,Em Dia,0,A
502566,1052,103,2025-04-19,15568.85,Liquidado,0,B
502567,1092,103,2025-08-12,15873.9,Em Dia,0,A
502568,1171,103,2025-10-05,9146.89,Em Dia,0,B
502569,1218,102,2025-03-09,17063.82,Liquidado,0,A
502570,1022,101,2025-03-10,1031.99,Em Dia,0,D
502571,1111,102,2025-06-14,50759.48,Liquidado,0,A
502572,1107,102,2025-11-01,51596.82,Em Dia,0,A
502573,1183,102,2025-06-11,60415.34,Liquidado,0,A
502574,1067,102,2025-12-31,41914.54,Liquidado,0,B
502575,1227,104,2025-12-08,182148.73,Em Dia,0,B
502576,1188,104,2025-11-05,285268.88,Em Dia,0,E
502577,1186,103,2025-12-09,15040.3,Em Dia,0,A
502578,1140,103,2025-02-11,10719.63,Liquidado,0,A
502579,1216,104,2025-12-20,221640.77,Em Atraso,50,D
502580,1069,101,2025-04-19,2934.68,Em Dia,0,D
502581,1084,101,2025-02-20,8680.31,Liquidado,0,C
502582,1103,102,2025-09-07,36355.52,Em Dia,0,A
502583,1039,103,2025-12-07,20564.17,Liquidado,0,A
502584,1013,102,2025-01-21,31636.62,Em Dia,0,A
502585,1041,103,2025-10-27,9569.21,Em Dia,0,A
502586,1057,101,2025-05-19,16268.93,Em Dia,0,B
502587,1181,101,2025-12-25,15995.52,Em Dia,0,B
502588,1237,103,2025-11-20,18174.56,Liquidado,0,B
502589,1012,101,2025-04-02,7291.61,Em Dia,0,D
502590,1013,101,2025-10-07,1917.83,Em Dia,0,B
502591,1120,101,2025-05-05,20105.91,Em Dia,0,D
502592,1202,101,2025-04-21,4846.05,Liquidado,0,B
502593,1097,103,2025-12-20,11509.95,Em Dia,0,A
502594,1057,101,2025-05-19,4689.99,Em Atraso,160,E
502595,1040,102,2025-09-30,69409.93,Em Dia,0,A
502596,1118,101,2025-04-09,10110.05,Em Dia,0,E
502597,1080,103,2025-09-09,16694.01,Liquidado,0,A
502598,1128,101,2025-12-04,1218.93,Em Dia,0,B
502599,1173,103,2025-04-14,8266.88,Em Dia,0,A
502600,1035,103,2025-08-02,16516.6,Liquidado,0,A
502601,1003,101,2025-09-06,10758.35,Liquidado,0,C
502602,1120,103,2025-06-01,17927.66,Liquidado,0,C
502603,1005,103,2025-09-07,14463.4,Liquidado,0,A
502604,1218,102,2025-10-02,74590.09,Em Dia,0,A
502605,1011,101,2025-06-14,6523.89,Em Atraso,37,D
502606,1126,104,2025-12-07,465804.79,Em Dia,0,C
502607,1071,103,2025-01-08,15886.92,Em Dia,0,A
502608,1117,101,2025-10-11,12565.12,Liquidado,0,D
502609,1184,101,2025-01-05,2809.86,Liquidado,0,C
502610,1138,103,2025-05-25,11784.79,Em Dia,0,A
502611,1106,103,2025-04-11,17343.97,Em Dia,0,A
502612,1116,103,2025-06-13,11099.91,Liquidado,0,A
502613,1162,102,2025-05-27,61366.32,Liquidado,0,A
502614,1067,103,2025-03-05,17895.99,Em Dia,0,B
502615,1200,101,2025-04-01,5569.86,Liquidado,0,B
502616,1031,101,2025-04-27,2927.11,Em Dia,0,B
502617,1075,103,2025-12-20,13854.79,Liquidado,0,A
502618,1237,104,2025-09-24,44217.3,Liquidado,0,B
502619,1071,101,2025-11-06,1568.48,Liquidado,0,D
502620,1237,102,2025-06-22,38709.21,Em Dia,0,A
502621,1066,103,2025-02-16,20904.46,Liquidado,0,A
502622,1070,102,2025-05-20,59631.82,Liquidado,0,A
502623,1041,103,2025-09-03,11961.39,Em Dia,0,A
502624,1191,103,2025-05-29,11036.56,Em Dia,0,A
502625,1160,101,2025-09-03,1222.62,Em Dia,0,D
502626,1020,104,2025-01-05,103124.99,Em Atraso,31,D
502627,1185,103,2025-07-03,12573.34,Em Atraso,72,C
502628,1226,103,2025-01-20,17484.69,Liquidado,0,A
502629,1178,103,2025-02-15,11387.09,Em Dia,0,A
502630,1208,103,2025-01-12,20049.11,Liquidado,0,A
502631,1153,101,2025-03-11,5120.2,Em Dia,0,C
502632,1140,101,2025-01-17,1363.31,Em Dia,0,B
502633,1199,103,2025-05-27,11181.58,Liquidado,0,A
502634,1039,101,2025-06-03,2233.79,Liquidado,0,C
502635,1145,101,2025-10-31,5576.4,Em Atraso,129,E
502636,1045,103,2025-04-18,15204.31,Liquidado,0,A
502637,1139,103,2025-08-24,11587.13,Em Dia,0,A
502638,1070,101,2025-11-04,7136.22,Em Dia,0,D
502639,1125,103,2025-12-18,22044.04,Liquidado,0,A
502640,1151,103,2025-03-11,10162.33,Em Dia,0,A
502641,1091,102,2025-07-02,48000.54,Em Dia,0,A
502642,1238,103,2025-09-07,13757.41,Em Dia,0,A
502643,1070,102,2025-08-16,57159.97,Em Dia,0,A
502644,1166,101,2025-04-12,9881.79,Em Dia,0,C
502645,1130,101,2025-03-16,5184.28,Em Dia,0,C
502646,1214,102,2025-08-04,65469.74,Liquidado,0,A
502647,1084,102,2025-07-22,70640.1,Em Dia,0,B
502648,1089,103,2025-07-11,10990.59,Em Dia,0,A
502649,1079,103,2025-09-06,17316.85,Liquidado,0,A
502650,1113,102,2025-08-30,36019.45,Liquidado,0,A
502651,1093,103,2025-06-28,13382.54,Liquidado,0,A
502652,1072,101,2025-08-07,1980.17,Em Dia,0,D
502653,1165,101,2025-03-23,9165.98,Em Dia,0,B
502654,1049,103,2025-04-02,14297.81,Em Dia,0,A
502655,1052,101,2025-06-24,5595.59,Em Dia,0,E
502656,1033,101,2025-08-27,4403.32,Liquidado,0,D
502657,1022,103,2025-09-17,9581.03,Em Dia,0,A
502658,1114,102,2025-12-31,61257.44,Liquidado,0,A
502659,1239,103,2025-06-12,18495.9,Em Dia,0,C
502660,1133,101,2025-02-17,8637.08,Liquidado,0,B
502661,1231,101,2025-11-25,4028.13,Em Dia,0,D
502662,1018,101,2025-11-24,10377.62,Liquidado,0,E
502663,1166,102,2025-04-26,26991.21,Liquidado,0,A
502664,1118,101,2025-12-03,3425.54,Em Dia,0,B
502665,1117,102,2025-12-03,59423.12,Em Dia,0,B
502666,1037,103,2025-08-13,16033.61,Liquidado,0,A
502667,1222,104,2025-12-18,57831.58,Liquidado,0,D
502668,1243,101,2025-11-24,1263.64,Em Dia,0,C
502669,1223,102,2025-05-27,32838.26,Em Dia,0,A
502670,1064,102,2025-03-04,72137.14,Em Dia,0,A
502671,1138,104,2025-10-21,478857.65,Liquidado,0,B
502672,1079,104,2025-11-19,120272.88,Em Dia,0,B
502673,1170,101,2025-11-21,2671.42,Em Dia,0,D
502674,1123,103,2025-01-13,9962.82,Liquidado,0,A
502675,1176,101,2025-07-08,2376.87,Em Dia,0,B
502676,1044,101,2025-10-14,3281.63,Em Dia,0,D
502677,1082,101,2025-07-27,8682.52,Em Dia,0,E
502678,1087,102,2025-04-24,56015.87,Em Dia,0,B
502679,1225,102,2025-01-22,57672.54,Liquidado,0,A
502680,1016,101,2025-12-15,1363.04,Em Atraso,81,C
502681,1054,103,2025-08-02,19282.64,Em Dia,0,B
502682,1102,101,2025-06-20,2653.89,Liquidado,0,B
502683,1163,102,2025-11-19,34318.18,Em Dia,0,A
502684,1098,101,2025-02-23,8551.07,Liquidado,0,C
502685,1156,101,2025-10-25,4730.08,Em Dia,0,B
502686,1002,102,2025-11-16,35049.22,Em Dia,0,A
502687,1094,101,2025-05-06,3403.17,Em Dia,0,D
502688,1141,102,2025-10-04,80905.12,Em Dia,0,A
502689,1169,101,2025-07-23,5261.95,Em Dia,0,C
502690,1208,102,2025-07-13,33979.29,Em Dia,0,B
502691,1059,101,2025-06-18,14104.48,Liquidado,0,B
502692,1069,103,2025-06-01,8171.1,Liquidado,0,A
502693,1119,103,2025-02-04,19529.15,Em Dia,0,A
502694,1092,101,2025-07-03,5500.56,Em Atraso,139,E
502695,1181,102,2025-10-13,66925.6,Liquidado,0,A
502696,1231,101,2025-02-26,3587.21,Em Dia,0,D
502697,1045,102,2025-08-10,74397.38,Em Dia,0,A
502698,1148,101,2025-10-30,1776.76,Em Dia,0,B
502699,1024,102,2025-06-12,57341.9,Liquidado,0,A
502700,1189,102,2025-01-19,63652.8,Em Dia,0,A
502701,1091,104,2025-09-21,386336.81,Em Dia,0,C
502702,1094,102,2025-10-09,54540.26,Em Dia,0,A
502703,1058,102,2025-04-23,50188.93,Em Dia,0,A
502704,1237,102,2025-11-23,49626.63,Em Dia,0,B
502705,1155,104,2025-01-30,80290.85,Em Dia,0,C
502706,1154,103,2025-05-15,15924.2,Liquidado,0,A
502707,1128,101,2025-03-08,11989.9,Liquidado,0,D
502708,1007,103,2025-03-06,20404.37,Em Dia,0,A
502709,1170,102,2025-10-19,27009.09,Em Dia,0,A
502710,1047,103,2025-01-25,15367.79,Liquidado,0,A
502711,1053,103,2025-02-06,9475.69,Liquidado,0,A
502712,1187,101,2025-01-01,11884.75,Em Dia,0,D
502713,1038,103,2025-02-06,14642.35,Em Dia,0,A
502714,1197,101,2025-05-21,3456.51,Liquidado,0,C
502715,1215,101,2025-08-20,13376.23,Em Dia,0,E
502716,1220,101,2025-05-16,7439.65,Em Dia,0,B
502717,1226,103,2025-07-07,14979.37,Liquidado,0,A
502718,1053,101,2025-05-08,1020.64,Em Atraso,112,E
502719,1143,101,2025-07-20,2578.33,Em Atraso,73,C
502720,1224,103,2025-05-07,20139.92,Liquidado,0,A
502721,1154,101,2025-09-14,21496.32,Liquidado,0,B
502722,1048,101,2025-06-13,23874.6,Em Dia,0,B
502723,1095,101,2025-02-04,14729.75,Liquidado,0,C
502724,1147,101,2025-07-13,3350.49,Liquidado,0,B
502725,1137,102,2025-07-10,47661.11,Liquidado,0,A
502726,1064,101,2025-04-14,3827.51,Em Dia,0,C
502727,1093,104,2025-01-23,311000.27,Em Dia,0,C
502728,1182,103,2025-09-22,7926.95,Liquidado,0,A
502729,1125,101,2025-10-17,5873.48,Em Dia,0,B
502730,1250,101,2025-09-17,5277.3,Liquidado,0,E
502731,1179,102,2025-12-24,58767.33,Liquidado,0,A
502732,1039,103,2025-03-16,17676.3,Liquidado,0,A
502733,1004,101,2025-12-21,1625.36,Em Dia,0,C
502734,1126,101,2025-03-13,5878.49,Em Dia,0,D
502735,1003,103,2025-09-16,13316.27,Em Dia,0,C
502736,1248,101,2025-07-07,3739.17,Em Atraso,16,C
502737,1064,101,2025-06-22,3242.66,Em Dia,0,C
502738,1029,103,2025-10-17,10120.19,Liquidado,0,B
502739,1116,103,2025-02-14,17997.22,Liquidado,0,B
502740,1011,101,2025-03-02,3246.91,Em Dia,0,C
502741,1097,103,2025-03-24,8261.82,Liquidado,0,C
502742,1102,101,2025-05-03,8319.42,Em Dia,0,C
502743,1186,103,2025-12-24,6832.46,Em Dia,0,A
502744,1203,102,2025-01-16,66663.12,Em Dia,0,A
502745,1155,103,2025-03-07,14593.64,Liquidado,0,A
502746,1225,104,2025-05-25,146951.66,Em Dia,0,C
502747,1021,104,2025-06-11,75295.52,Em Dia,0,C
502748,1039,104,2025-08-22,78581.11,Em Dia,0,B
502749,1223,102,2025-05-24,41023.19,Liquidado,0,A
502750,1102,101,2025-12-24,11795.44,Liquidado,0,D
502751,1046,102,2025-07-07,59400.32,Liquidado,0,A
502752,1066,103,2025-11-18,16149.97,Em Dia,0,B
502753,1091,103,2025-01-13,14322.63,Liquidado,0,A
502754,1164,101,2025-07-03,11666.15,Liquidado,0,C
502755,1203,104,2025-04-21,113318.3,Em Atraso,123,E
502756,1111,103,2025-10-17,13632.88,Em Dia,0,B
502757,1082,104,2025-10-22,41864.4,Liquidado,0,C
502758,1123,103,2025-08-03,12840.28,Liquidado,0,A
502759,1193,101,2025-04-30,3883.29,Em Dia,0,D
502760,1191,101,2025-02-24,5661.41,Liquidado,0,B
502761,1099,101,2025-01-27,10329.47,Em Dia,0,B
502762,1035,101,2025-04-28,4305.24,Em Dia,0,D
502763,1159,103,2025-08-09,19833.76,Liquidado,0,B
502764,1156,103,2025-08-19,11903.9,Liquidado,0,C
502765,1103,103,2025-02-22,15607.39,Em Dia,0,B
502766,1129,103,2025-10-22,12255.75,Liquidado,0,A
502767,1025,101,2025-11-17,5617.79,Liquidado,0,B
502768,1043,101,2025-08-21,4351.74,Em Dia,0,B
502769,1230,101,2025-06-07,3778.41,Em Dia,0,D
502770,1084,101,2025-09-26,2024.16,Liquidado,0,B
502771,1195,102,2025-01-21,57642.52,Em Dia,0,B
502772,1191,101,2025-02-22,5665.68,Em Dia,0,C
502773,1051,101,2025-10-02,13099.74,Em Dia,0,E
502774,1130,101,2025-11-09,2713.86,Liquidado,0,D
502775,1210,103,2025-10-08,10838.13,Em Dia,0,B
502776,1126,102,2025-08-02,25310.92,Liquidado,0,A
502777,1236,102,2025-01-31,49614.47,Liquidado,0,A
502778,1192,102,2025-12-03,41836.02,Liquidado,0,A
502779,1202,104,2025-07-02,227641.76,Liquidado,0,C
502780,1069,101,2025-01-23,17724.68,Em Dia,0,B
502781,1009,102,2025-02-01,53118.24,Em Dia,0,A
502782,1002,103,2025-03-15,15475.11,Liquidado,0,A
502783,1162,102,2025-01-10,62144.34,Liquidado,0,A
502784,1188,104,2025-02-23,242292.92,Em Dia,0,C
502785,1230,101,2025-02-21,1534.63,Liquidado,0,B
502786,1189,102,2025-05-28,50821.16,Em Dia,0,A
502787,1159,101,2025-06-09,5277.8,Em Dia,0,C
502788,1010,103,2025-01-14,12592.02,Liquidado,0,A
502789,1114,101,2025-06-27,7225.87,Liquidado,0,B
502790,1076,101,2025-02-22,5534.13,Em Atraso,95,E
502791,1164,102,2025-12-01,15723.83,Em Dia,0,A
502792,1246,102,2025-01-22,25335.63,Em Dia,0,A
502793,1085,101,2025-01-30,3570.79,Em Dia,0,C
502794,1049,103,2025-07-10,16860.86,Em Dia,0,A
502795,1239,103,2025-09-17,12581.13,Liquidado,0,B
502796,1070,101,2025-07-24,8368.32,Em Dia,0,B
502797,1240,102,2025-02-28,79320.52,Liquidado,0,B
502798,1177,103,2025-09-21,13684.53,Em Dia,0,A
502799,1131,102,2025-01-12,56147.38,Em Dia,0,B
502800,1202,101,2025-04-29,2088.8,Liquidado,0,B
502801,1133,101,2025-10-17,3483.03,Em Dia,0,B
502802,1238,103,2025-12-04,10780.89,Em Dia,0,A
502803,1218,104,2025-09-05,297240.77,Em Dia,0,E
502804,1189,103,2025-12-20,7789.05,Em Dia,0,A
502805,1213,101,2025-05-07,9518.62,Liquidado,0,B
502806,1237,102,2025-03-16,61166.48,Em Dia,0,A
502807,1090,103,2025-12-27,17942.4,Em Dia,0,A
502808,1230,101,2025-07-23,1530.51,Em Dia,0,C
502809,1236,104,2025-02-18,232614.56,Liquidado,0,B
502810,1026,104,2025-03-20,74138.52,Em Dia,0,C
502811,1072,101,2025-08-29,9887.55,Em Dia,0,B
502812,1005,104,2025-12-15,34991.18,Em Dia,0,C
502813,1015,101,2025-06-03,1425.13,Liquidado,0,B
502814,1123,103,2025-10-01,14142.59,Em Dia,0,B
502815,1144,102,2025-04-06,69108.29,Em Dia,0,A
502816,1001,102,2025-08-02,44934.25,Liquidado,0,A
502817,1144,103,2025-10-21,17150.06,Em Dia,0,B
502818,1165,103,2025-07-28,12078.64,Liquidado,0,A
502819,1003,101,2025-12-09,1747.08,Em Dia,0,B
502820,1180,102,2025-03-29,51014.71,Em Dia,0,A
502821,1047,101,2025-11-02,1384.03,Em Dia,0,D
502822,1095,101,2025-09-21,1938.83,Em Dia,0,C
502823,1013,101,2025-11-21,1335.26,Liquidado,0,B
502824,1120,102,2025-11-16,55391.85,Liquidado,0,A
502825,1208,101,2025-06-06,5254.25,Em Dia,0,C
502826,1055,101,2025-06-05,16664.3,Em Dia,0,C
502827,1235,101,2025-05-19,10404.9,Liquidado,0,C
502828,1149,101,2025-05-01,2889.85,Em Dia,0,D
502829,1066,102,2025-03-06,61943.07,Liquidado,0,A
502830,1182,104,2025-04-17,84735.21,Liquidado,0,D
502831,1155,101,2025-05-27,5585.69,Liquidado,0,B
502832,1166,104,2025-05-17,527107.78,Liquidado,0,B
502833,1090,103,2025-06-11,15502.34,Em Dia,0,A
502834,1186,103,2025-04-10,16518.83,Em Dia,0,C
502835,1062,103,2025-12-04,7637.06,Em Dia,0,A
502836,1102,103,2025-11-03,14619.52,Em Atraso,30,A
502837,1174,101,2025-05-21,16807.32,Liquidado,0,B
502838,1217,102,2025-03-24,50043.83,Em Dia,0,B
502839,1139,103,2025-06-26,17567.24,Em Dia,0,A
502840,1200,102,2025-07-17,50048.67,Liquidado,0,A
502841,1008,103,2025-04-22,5435.03,Liquidado,0,A
502842,1097,101,2025-02-25,2198.42,Em Dia,0,D
502843,1117,103,2025-06-28,21794.21,Em Dia,0,B
502844,1199,102,2025-07-05,35623.26,Em Dia,0,A
502845,1064,101,2025-08-06,12286.22,Liquidado,0,C
502846,1230,101,2025-11-12,7786.29,Liquidado,0,C
502847,1021,103,2025-08-05,12699.77,Em Dia,0,A
502848,1200,103,2025-04-30,16157.22,Liquidado,0,A
502849,1115,102,2025-06-24,67127.46,Em Dia,0,A
502850,1246,103,2025-01-23,9930.65,Em Dia,0,C
502851,1191,102,2025-08-01,39959.66,Liquidado,0,A
502852,1085,101,2025-08-23,1782.74,Em Dia,0,B
502853,1192,101,2025-01-13,1614.02,Em Atraso,49,D
502854,1248,101,2025-04-11,1042.79,Em Dia,0,B
502855,1020,101,2025-01-24,2764.94,Em Dia,0,E
502856,1008,101,2025-12-30,2166.18,Em Dia,0,C
502857,1058,103,2025-01-11,15018.27,Liquidado,0,B
502858,1046,103,2025-09-30,13409.17,Liquidado,0,C
502859,1031,101,2025-10-08,1935.29,Liquidado,0,C
502860,1242,101,2025-04-04,6692.51,Liquidado,0,C
502861,1249,101,2025-07-20,13180.02,Em Dia,0,C
502862,1093,102,2025-01-21,35581.12,Em Dia,0,A
502863,1240,101,2025-12-06,1672.34,Em Dia,0,C
502864,1009,101,2025-07-30,3153.24,Liquidado,0,D
502865,1015,104,2025-05-20,54415.6,Liquidado,0,B
502866,1094,103,2025-10-20,13676.77,Em Dia,0,A
502867,1154,101,2025-10-25,7848.37,Em Dia,0,B
502868,1138,102,2025-04-11,32194.03,Liquidado,0,A
502869,1029,101,2025-10-31,2438.02,Em Dia,0,D
502870,1246,103,2025-12-25,18815.57,Em Dia,0,C
502871,1080,102,2025-01-28,61674.37,Liquidado,0,A
502872,1036,101,2025-02-10,5689.34,Liquidado,0,B
502873,1084,103,2025-12-21,13080.95,Em Dia,0,A
502874,1109,101,2025-10-30,2944.33,Em Dia,0,B
502875,1118,101,2025-05-26,6294.8,Em Dia,0,B
502876,1037,101,2025-09-13,6312.61,Em Atraso,63,C
502877,1086,102,2025-08-15,41525.73,Liquidado,0,A
502878,1071,101,2025-08-24,2503.33,Liquidado,0,C
502879,1151,101,2025-12-27,18443.36,Em Dia,0,E
502880,1169,101,2025-01-13,4622.39,Em Dia,0,C
502881,1232,101,2025-07-29,6833.42,Liquidado,0,B
502882,1093,103,2025-08-17,17516.54,Em Dia,0,A
502883,1080,101,2025-04-10,1963.74,Em Dia,0,B
502884,1102,101,2025-01-31,12349.91,Em Dia,0,D
502885,1156,103,2025-01-16,18048.26,Em Dia,0,A
502886,1176,103,2025-05-17,22684.95,Liquidado,0,A
502887,1166,103,2025-11-25,14246.33,Liquidado,0,C
502888,1159,102,2025-06-15,56234.95,Em Dia,0,A
502889,1014,101,2025-11-06,8169.59,Em Dia,0,C
502890,1117,103,2025-04-10,15902.68,Em Dia,0,A
502891,1225,103,2025-04-19,14286.54,Liquidado,0,A
502892,1249,101,2025-12-09,13508.08,Liquidado,0,B
502893,1073,104,2025-06-22,272445.63,Liquidado,0,B
502894,1249,101,2025-08-25,4502.65,Liquidado,0,D
502895,1091,104,2025-06-11,139000.91,Em Dia,0,D
502896,1216,103,2025-08-04,11659.05,Em Dia,0,A
502897,1205,103,2025-09-21,22691.97,Em Dia,0,C
502898,1090,104,2025-09-20,22527.84,Em Dia,0,C
502899,1029,103,2025-10-19,19465.72,Liquidado,0,A
502900,1179,101,2025-10-01,15253.89,Liquidado,0,C
502901,1049,102,2025-01-03,64456.07,Em Dia,0,A
502902,1171,101,2025-01-28,11923.35,Liquidado,0,C
502903,1220,101,2025-11-22,1248.56,Em Dia,0,B
502904,1220,103,2025-05-29,22265.68,Liquidado,0,B
502905,1072,101,2025-01-28,1555.14,Liquidado,0,B
502906,1215,101,2025-11-06,1391.54,Em Dia,0,C
502907,1221,102,2025-03-06,67141.38,Em Dia,0,A
502908,1133,103,2025-12-22,19858.19,Em Atraso,38,A
502909,1042,101,2025-01-21,26418.07,Em Dia,0,C
502910,1135,101,2025-09-09,9399.94,Liquidado,0,B
502911,1042,101,2025-08-23,6391.26,Em Dia,0,B
502912,1164,103,2025-08-15,18423.75,Liquidado,0,A
502913,1105,101,2025-01-13,1540.55,Liquidado,0,B
502914,1027,103,2025-11-09,14667.89,Em Atraso,46,C
502915,1058,101,2025-02-18,7293.18,Em Dia,0,C
502916,1046,101,2025-04-28,4509.65,Em Atraso,63,E
502917,1066,104,2025-02-23,558096.61,Em Dia,0,C
502918,1025,101,2025-05-18,1762.12,Em Dia,0,D
502919,1073,102,2025-02-22,55584.71,Liquidado,0,A
502920,1117,101,2025-02-13,1342.79,Liquidado,0,B
502921,1155,102,2025-10-30,68126.21,Liquidado,0,A
502922,1129,102,2025-02-22,36522.87,Em Dia,0,A
502923,1087,101,2025-03-15,4696.69,Em Dia,0,C
502924,1074,101,2025-02-15,1658.49,Liquidado,0,B
502925,1170,101,2025-01-13,5482.1,Em Dia,0,D
502926,1180,103,2025-06-14,18547.21,Em Dia,0,A
502927,1153,103,2025-04-12,17385.84,Em Dia,0,A
502928,1182,102,2025-10-07,42946.98,Em Dia,0,A
502929,1125,102,2025-09-15,35430.22,Em Dia,0,A
502930,1067,101,2025-12-03,7196.89,Em Dia,0,B
502931,1006,101,2025-12-22,4284.13,Em Dia,0,B
502932,1125,101,2025-05-18,14013.98,Em Atraso,49,D
502933,1058,101,2025-06-12,1189.67,Em Dia,0,D
502934,1070,101,2025-04-21,1566.52,Em Dia,0,B
502935,1053,102,2025-04-12,44220.4,Em Atraso,7,A
502936,1066,102,2025-01-17,40768.93,Liquidado,0,A
502937,1058,104,2025-09-25,51803.19,Liquidado,0,C
502938,1250,101,2025-07-01,8202.48,Em Dia,0,B
502939,1082,103,2025-01-24,15968.26,Em Dia,0,C
502940,1087,103,2025-01-29,15156.26,Liquidado,0,B
502941,1002,102,2025-06-20,50503.13,Em Dia,0,A
502942,1204,101,2025-08-16,4140.99,Em Dia,0,C
502943,1150,101,2025-07-07,17107.78,Em Dia,0,C
502944,1037,101,2025-12-12,2926.99,Em Dia,0,C
502945,1148,101,2025-08-18,2633.7,Em Dia,0,B
502946,1103,103,2025-11-17,13313.38,Em Dia,0,A
502947,1024,101,2025-12-06,3167.92,Em Dia,0,B
502948,1112,101,2025-04-29,1712.78,Liquidado,0,B
502949,1212,103,2025-06-05,14775.13,Liquidado,0,A
502950,1065,103,2025-09-29,14625.49,Liquidado,0,A
502951,1193,102,2025-06-24,62557.0,Liquidado,0,A
502952,1209,103,2025-04-14,14487.21,Em Dia,0,C
502953,1129,101,2025-04-02,1376.4,Em Atraso,171,E
502954,1117,101,2025-07-05,5282.91,Em Dia,0,B
502955,1116,101,2025-10-10,1783.35,Liquidado,0,B
502956,1237,102,2025-06-30,60925.16,Liquidado,0,A
502957,1222,104,2025-06-19,221466.3,Em Dia,0,C
502958,1105,101,2025-07-06,12396.33,Em Dia,0,C
502959,1239,102,2025-06-24,61756.17,Em Dia,0,B
502960,1003,101,2025-08-10,5113.18,Liquidado,0,C
502961,1046,102,2025-08-21,63471.39,Liquidado,0,A
502962,1055,101,2025-06-11,35254.85,Liquidado,0,C
502963,1075,101,2025-05-14,2667.34,Liquidado,0,C
502964,1216,103,2025-08-12,18755.4,Em Dia,0,A
502965,1214,102,2025-06-02,35251.89,Em Dia,0,A
502966,1192,102,2025-02-02,66719.29,Liquidado,0,A
502967,1236,101,2025-02-24,2600.82,Liquidado,0,B
502968,1045,101,2025-01-07,17746.93,Liquidado,0,B
502969,1154,101,2025-09-01,2996.73,Em Dia,0,C
502970,1077,103,2025-11-09,20065.35,Em Dia,0,A
502971,1193,104,2025-05-06,50741.05,Liquidado,0,B
502972,1024,102,2025-01-12,43927.16,Em Dia,0,A
502973,1202,101,2025-01-16,3988.62,Liquidado,0,D
502974,1035,103,2025-07-27,6635.68,Liquidado,0,A
502975,1024,102,2025-02-12,49570.54,Liquidado,0,A
502976,1028,102,2025-05-15,58446.7,Liquidado,0,A
502977,1228,101,2025-08-16,2285.64,Em Dia,0,C
502978,1208,103,2025-04-21,19098.79,Liquidado,0,A
502979,1232,102,2025-11-03,22811.97,Em Dia,0,A
502980,1016,103,2025-06-09,20221.15,Em Dia,0,A
502981,1059,103,2025-11-27,12413.73,Liquidado,0,A
502982,1209,101,2025-09-21,3656.63,Em Dia,0,E
502983,1243,103,2025-08-13,17301.53,Em Dia,0,B
502984,1182,103,2025-08-05,16381.55,Em Dia,0,B
502985,1207,101,2025-02-14,10172.42,Em Dia,0,B
502986,1144,101,2025-08-02,6063.68,Em Atraso,77,C
502987,1015,101,2025-02-28,14562.51,Liquidado,0,B
502988,1249,102,2025-05-12,59892.57,Em Dia,0,A
502989,1226,101,2025-04-14,9269.79,Em Dia,0,B
502990,1011,102,2025-07-14,62163.4,Liquidado,0,A
502991,1193,101,2025-06-06,5507.17,Em Dia,0,D
502992,1079,103,2025-04-08,18751.98,Liquidado,0,A
502993,1218,101,2025-08-14,7013.14,Liquidado,0,D
502994,1115,101,2025-07-24,1142.98,Em Dia,0,C
502995,1068,102,2025-03-20,63576.79,Liquidado,0,A
502996,1043,102,2025-05-04,59023.7,Em Atraso,59,A
502997,1069,101,2025-08-06,4048.51,Em Dia,0,C
502998,1227,101,2025-01-04,2457.91,Liquidado,0,D
502999,1141,101,2025-03-31,6859.84,Liquidado,0,C
503000,1138,103,2025-04-14,16887.8,Liquidado,0,A
503001,1075,103,2025-04-29,11038.93,Em Dia,0,A
503002,1210,102,2025-05-13,50967.71,Em Dia,0,A
503003,1226,103,2025-11-08,15308.75,Liquidado,0,A
503004,1103,103,2025-04-06,16945.87,Em Dia,0,B
503005,1041,101,2025-11-27,10994.2,Em Dia,0,E
503006,1234,104,2025-05-23,58174.72,Liquidado,0,C
503007,1178,103,2025-10-15,17106.68,Liquidado,0,B
503008,1215,101,2025-01-28,5292.14,Em Dia,0,C
503009,1199,101,2025-10-05,1851.13,Em Dia,0,E
503010,1059,101,2025-08-21,7961.71,Liquidado,0,D
503011,1039,101,2025-01-17,14527.53,Em Dia,0,C
503012,1003,103,2025-02-28,15312.37,Em Dia,0,A
503013,1204,102,2025-03-31,83612.59,Liquidado,0,A
503014,1007,103,2025-07-18,19266.42,Liquidado,0,A
503015,1049,103,2025-12-28,19215.05,Liquidado,0,A
503016,1026,103,2025-01-26,18622.28,Liquidado,0,A
503017,1161,103,2025-01-25,14800.33,Liquidado,0,B
503018,1101,101,2025-10-28,1051.13,Em Dia,0,C
503019,1176,101,2025-12-05,8491.84,Em Dia,0,D
503020,1079,103,2025-09-24,10619.05,Liquidado,0,A
503021,1002,101,2025-06-30,5408.05,Em Dia,0,C
503022,1233,101,2025-12-26,7918.04,Liquidado,0,D
503023,1127,103,2025-03-09,9946.38,Liquidado,0,A
503024,1199,103,2025-12-17,16476.27,Liquidado,0,A
503025,1160,101,2025-11-17,1556.36,Liquidado,0,D
503026,1132,103,2025-02-18,12832.45,Liquidado,0,A
503027,1020,103,2025-06-24,20622.5,Em Dia,0,B
503028,1242,101,2025-02-21,8278.76,Em Dia,0,B
503029,1117,101,2025-04-12,17146.42,Em Dia,0,B
503030,1164,104,2025-08-04,151258.54,Em Dia,0,C
503031,1032,101,2025-07-07,9459.73,Liquidado,0,B
503032,1028,101,2025-02-26,7168.83,Em Atraso,159,E
503033,1077,102,2025-02-16,49089.11,Em Dia,0,A
503034,1001,103,2025-06-08,23563.88,Liquidado,0,A
503035,1188,101,2025-06-23,1277.77,Liquidado,0,C
503036,1056,101,2025-08-30,6005.62,Em Dia,0,C
503037,1035,101,2025-10-09,2800.94,Em Dia,0,C
503038,1112,104,2025-08-29,957632.75,Em Dia,0,D
503039,1030,101,2025-01-05,2074.82,Em Atraso,33,C
503040,1054,102,2025-03-25,50216.25,Em Dia,0,A
503041,1036,104,2025-11-04,44254.57,Liquidado,0,B
503042,1249,101,2025-12-27,2158.64,Liquidado,0,E
503043,1183,104,2025-09-05,167547.52,Em Dia,0,C
503044,1217,104,2025-02-23,347838.64,Em Atraso,57,C
503045,1080,103,2025-06-10,12709.18,Liquidado,0,B
503046,1058,101,2025-08-14,13339.85,Em Dia,0,C
503047,1083,103,2025-01-15,8648.67,Liquidado,0,A
503048,1065,103,2025-08-12,16696.04,Em Dia,0,B
503049,1069,104,2025-03-02,69622.7,Liquidado,0,C
503050,1128,101,2025-05-02,4223.86,Liquidado,0,B
503051,1051,103,2025-10-04,20738.78,Em Dia,0,A
503052,1022,101,2025-02-15,4701.91,Liquidado,0,E
503053,1216,101,2025-10-21,6075.77,Liquidado,0,B
503054,1107,102,2025-03-03,54075.26,Em Dia,0,A
503055,1109,103,2025-03-27,15454.34,Liquidado,0,B
503056,1116,102,2025-07-29,33810.65,Em Dia,0,A
503057,1101,102,2025-03-19,38078.05,Em Dia,0,A
503058,1181,104,2025-07-21,90564.13,Liquidado,0,B
503059,1100,101,2025-10-29,7767.73,Liquidado,0,B
503060,1164,103,2025-08-11,12047.53,Liquidado,0,A
503061,1068,101,2025-08-10,16112.62,Em Dia,0,B
503062,1036,101,2025-01-03,1609.7,Em Dia,0,D
503063,1180,103,2025-01-06,14479.41,Em Dia,0,B
503064,1181,104,2025-04-03,156089.81,Em Dia,0,E
503065,1210,102,2025-01-08,40252.29,Em Dia,0,B
503066,1178,103,2025-08-23,21584.16,Em Dia,0,A
503067,1208,101,2025-04-18,12356.76,Em Atraso,75,D
503068,1169,101,2025-06-10,12752.23,Em Dia,0,B
503069,1146,102,2025-07-28,63474.58,Liquidado,0,A
503070,1022,101,2025-08-28,9905.17,Liquidado,0,C
503071,1066,101,2025-11-27,1717.64,Em Dia,0,C
503072,1021,102,2025-11-29,45635.2,Em Dia,0,A
503073,1100,101,2025-02-19,6386.99,Em Dia,0,D
503074,1128,101,2025-01-11,2510.88,Liquidado,0,E
503075,1044,102,2025-12-17,70654.66,Liquidado,0,A
503076,1103,102,2025-06-05,37957.71,Em Dia,0,A
503077,1047,104,2025-03-11,522281.91,Em Dia,0,C
503078,1039,103,2025-06-18,10473.1,Liquidado,0,A
503079,1029,102,2025-09-29,37324.42,Liquidado,0,A
503080,1054,104,2025-03-09,33710.09,Em Dia,0,D
503081,1090,103,2025-12-21,15659.72,Em Dia,0,A
503082,1085,101,2025-09-09,1583.2,Em Dia,0,C
503083,1017,101,2025-02-17,7470.67,Em Atraso,95,E
503084,1080,103,2025-07-03,17441.94,Em Dia,0,A
503085,1188,102,2025-11-16,49201.05,Liquidado,0,A
503086,1159,103,2025-07-06,13803.89,Em Dia,0,B
503087,1243,103,2025-03-31,14942.25,Liquidado,0,A
503088,1073,103,2025-11-28,10959.56,Liquidado,0,B
503089,1223,104,2025-05-19,235283.48,Liquidado,0,B
503090,1206,102,2025-12-23,38634.53,Liquidado,0,B
503091,1049,101,2025-03-30,8269.56,Em Dia,0,B
503092,1101,103,2025-10-01,16108.04,Liquidado,0,A
503093,1002,101,2025-01-19,6152.14,Em Dia,0,C
503094,1244,103,2025-11-07,15114.77,Em Dia,0,A
503095,1176,104,2025-12-24,215960.41,Em Dia,0,C
503096,1238,103,2025-06-03,19269.23,Em Atraso,28,A
503097,1142,102,2025-09-17,56739.95,Em Dia,0,A
503098,1059,102,2025-04-18,28872.92,Em Dia,0,A
503099,1097,101,2025-10-12,3038.08,Em Dia,0,C
503100,1099,101,2025-02-28,2535.68,Em Dia,0,B
503101,1186,103,2025-05-05,11173.9,Em Dia,0,A
503102,1103,103,2025-12-20,17867.86,Em Dia,0,A
503103,1186,103,2025-09-30,19643.84,Liquidado,0,A
503104,1239,101,2025-04-17,7167.52,Liquidado,0,B
503105,1179,102,2025-10-26,27469.53,Liquidado,0,B
503106,1212,103,2025-09-02,21473.35,Em Dia,0,B
503107,1002,102,2025-12-02,43294.52,Liquidado,0,B
503108,1243,102,2025-09-04,47733.04,Liquidado,0,B
503109,1041,103,2025-01-08,19640.4,Liquidado,0,B
503110,1211,103,2025-05-21,16724.84,Em Dia,0,A
503111,1123,102,2025-12-28,67810.42,Em Dia,0,A
503112,1229,103,2025-01-08,17682.64,Liquidado,0,A
503113,1082,101,2025-12-18,4820.87,Em Dia,0,D
503114,1144,104,2025-04-04,86376.27,Em Dia,0,C
503115,1132,101,2025-11-17,13911.97,Em Dia,0,D
503116,1140,101,2025-02-08,3055.15,Em Dia,0,C
503117,1029,103,2025-03-22,13437.27,Em Dia,0,A
503118,1135,101,2025-07-06,2744.33,Liquidado,0,B
503119,1014,103,2025-03-25,15143.2,Em Dia,0,A
503120,1247,103,2025-03-29,12121.07,Liquidado,0,A
503121,1012,103,2025-08-30,19670.12,Liquidado,0,A
503122,1099,104,2025-12-08,151531.07,Em Dia,0,C
503123,1133,101,2025-04-03,18063.07,Em Dia,0,B
503124,1081,103,2025-03-27,16924.54,Liquidado,0,A
503125,1250,101,2025-02-13,6532.08,Em Dia,0,E
503126,1106,102,2025-05-17,49083.72,Liquidado,0,A
503127,1032,103,2025-03-15,15625.59,Em Dia,0,A
503128,1074,101,2025-02-05,3919.4,Em Dia,0,C
503129,1171,102,2025-04-11,22648.71,Em Dia,0,B
503130,1081,102,2025-06-05,68162.87,Liquidado,0,A
503131,1069,103,2025-09-12,14042.28,Liquidado,0,B
503132,1045,104,2025-06-20,140340.9,Em Atraso,49,B
503133,1106,101,2025-08-04,15253.52,Liquidado,0,C
503134,1137,102,2025-06-19,52614.33,Em Dia,0,A
503135,1177,103,2025-09-09,21534.56,Liquidado,0,A
503136,1161,102,2025-12-26,65200.66,Liquidado,0,B
503137,1228,101,2025-11-18,4139.2,Liquidado,0,D
503138,1100,102,2025-02-24,63225.45,Liquidado,0,A
503139,1146,101,2025-04-01,1993.09,Liquidado,0,B
503140,1009,101,2025-10-05,17437.4,Liquidado,0,C
503141,1062,103,2025-04-11,17265.08,Em Dia,0,C
503142,1185,102,2025-06-04,37655.77,Em Dia,0,A
503143,1029,104,2025-12-15,129252.9,Em Dia,0,E
503144,1125,103,2025-12-30,9145.99,Liquidado,0,B
503145,1114,103,2025-05-21,20003.15,Em Dia,0,B
503146,1206,101,2025-06-22,2835.47,Em Dia,0,C
503147,1153,102,2025-01-10,40657.6,Liquidado,0,A
503148,1143,101,2025-08-16,10345.1,Em Dia,0,B
503149,1134,104,2025-09-22,54745.53,Em Dia,0,B
503150,1120,101,2025-09-05,3986.77,Em Dia,0,C
503151,1170,101,2025-09-04,3013.8,Em Dia,0,B
503152,1157,102,2025-06-04,52217.33,Em Dia,0,A
503153,1079,101,2025-02-03,7147.36,Em Dia,0,B
503154,1093,101,2025-05-09,23713.33,Em Atraso,11,C
503155,1004,102,2025-06-09,12028.55,Em Dia,0,A
503156,1082,101,2025-03-30,5220.94,Em Dia,0,C
503157,1242,101,2025-04-03,3541.3,Liquidado,0,B
503158,1185,101,2025-11-23,12620.53,Em Dia,0,D
503159,1177,103,2025-08-29,15174.7,Liquidado,0,B
503160,1172,102,2025-11-19,47703.67,Em Atraso,41,A
503161,1231,102,2025-04-27,38734.65,Liquidado,0,A
503162,1208,102,2025-04-04,59294.85,Em Dia,0,A
503163,1075,101,2025-06-12,1326.72,Em Dia,0,B
503164,1014,104,2025-04-09,94643.73,Em Dia,0,C
503165,1131,101,2025-04-23,5533.33,Em Atraso,79,E
503166,1243,103,2025-12-25,9771.41,Liquidado,0,A
503167,1114,103,2025-04-01,20655.25,Liquidado,0,A
503168,1062,103,2025-12-12,19905.17,Liquidado,0,B
503169,1106,101,2025-07-25,4876.23,Em Dia,0,C
503170,1064,101,2025-01-17,2296.66,Liquidado,0,D
503171,1102,103,2025-10-01,11852.62,Em Dia,0,C
503172,1173,101,2025-06-22,11219.54,Em Dia,0,B
503173,1106,103,2025-04-26,16140.09,Em Dia,0,A
503174,1210,103,2025-12-15,13349.29,Liquidado,0,A
503175,1186,103,2025-06-30,18693.92,Liquidado,0,A
503176,1020,101,2025-04-01,2367.43,Em Dia,0,D
503177,1058,103,2025-03-23,21998.77,Em Dia,0,A
503178,1112,103,2025-11-20,20263.17,Em Dia,0,A
503179,1217,103,2025-04-24,11394.28,Liquidado,0,A
503180,1057,101,2025-09-14,4595.25,Em Dia,0,D
503181,1230,101,2025-02-27,1070.4,Em Dia,0,B
503182,1205,101,2025-06-03,10394.36,Em Dia,0,D
503183,1196,101,2025-12-31,4185.04,Em Atraso,81,B
503184,1119,102,2025-04-26,76098.19,Liquidado,0,B
503185,1206,104,2025-12-09,73719.9,Em Dia,0,C
503186,1097,101,2025-09-23,1363.0,Em Dia,0,C
503187,1092,103,2025-11-11,11782.52,Liquidado,0,B
503188,1052,101,2025-07-22,2084.73,Em Dia,0,D
503189,1037,101,2025-02-10,8843.24,Liquidado,0,D
503190,1008,101,2025-04-15,2632.69,Em Dia,0,B
503191,1044,101,2025-07-12,4341.95,Liquidado,0,B
503192,1098,104,2025-10-05,328243.54,Em Atraso,44,D
503193,1236,101,2025-12-20,1750.58,Em Dia,0,D
503194,1133,103,2025-08-25,16245.19,Em Dia,0,A
503195,1118,102,2025-08-09,38052.18,Em Dia,0,B
503196,1069,104,2025-03-09,718708.38,Liquidado,0,C
503197,1159,101,2025-07-16,4178.84,Em Dia,0,B
503198,1045,101,2025-09-13,6906.69,Liquidado,0,C
503199,1137,101,2025-05-19,4161.59,Em Dia,0,B
503200,1234,102,2025-11-08,51629.17,Em Dia,0,A
503201,1032,101,2025-05-29,5934.59,Liquidado,0,B
503202,1033,103,2025-04-09,10293.81,Em Dia,0,A
503203,1126,103,2025-03-17,14035.78,Liquidado,0,C
503204,1067,103,2025-10-09,16095.74,Em Dia,0,C
503205,1030,102,2025-04-19,68614.09,Liquidado,0,A
503206,1114,101,2025-07-07,1536.62,Em Dia,0,B
503207,1204,102,2025-07-18,62695.27,Em Dia,0,A
503208,1029,104,2025-10-30,108520.54,Em Dia,0,C
503209,1131,103,2025-11-23,10528.42,Em Dia,0,A
503210,1218,103,2025-06-03,11863.55,Liquidado,0,A
503211,1185,103,2025-02-09,12811.13,Em Dia,0,B
503212,1030,101,2025-05-13,7932.15,Liquidado,0,C
503213,1137,101,2025-05-12,9208.54,Liquidado,0,C
503214,1154,101,2025-10-06,7347.99,Liquidado,0,B
503215,1130,101,2025-12-28,12652.4,Liquidado,0,C
503216,1062,101,2025-03-25,7300.72,Liquidado,0,D
503217,1003,102,2025-08-30,76846.86,Em Dia,0,A
503218,1174,103,2025-04-26,14789.1,Em Dia,0,A
503219,1068,103,2025-04-19,9104.14,Liquidado,0,B
503220,1025,103,2025-08-09,17219.53,Em Dia,0,A
503221,1179,104,2025-02-10,20007.22,Em Dia,0,E
503222,1141,101,2025-05-27,5842.38,Em Dia,0,C
503223,1231,101,2025-04-22,10716.3,Em Atraso,16,C
503224,1044,103,2025-04-13,17586.41,Em Dia,0,A
503225,1163,101,2025-02-15,6722.67,Em Atraso,50,C
503226,1055,101,2025-11-20,3798.26,Em Dia,0,B
503227,1215,101,2025-09-28,9220.45,Em Dia,0,E
503228,1137,101,2025-07-14,8714.0,Em Atraso,156,E
503229,1130,102,2025-10-07,39904.97,Liquidado,0,A
503230,1189,102,2025-10-10,55310.53,Em Dia,0,A
503231,1246,102,2025-02-09,26070.61,Em Dia,0,A
503232,1041,103,2025-07-08,12872.2,Em Dia,0,C
503233,1172,101,2025-06-13,5182.24,Em Dia,0,B
503234,1064,101,2025-01-24,7894.0,Em Dia,0,C
503235,1031,101,2025-01-24,5361.78,Em Atraso,78,E
503236,1236,101,2025-01-04,3674.26,Liquidado,0,B
503237,1047,103,2025-11-19,22655.65,Em Dia,0,B
503238,1130,103,2025-10-17,13281.01,Em Dia,0,A
503239,1096,103,2025-06-30,14959.22,Em Dia,0,B
503240,1210,101,2025-09-05,4212.87,Em Atraso,84,C
503241,1077,102,2025-04-26,46712.01,Em Dia,0,A
503242,1110,102,2025-10-06,48002.5,Em Dia,0,A
503243,1069,102,2025-12-31,49284.6,Liquidado,0,A
503244,1058,102,2025-03-10,49462.02,Em Dia,0,A
503245,1106,102,2025-12-17,71354.52,Em Dia,0,A
503246,1044,102,2025-09-11,75879.63,Liquidado,0,A
503247,1074,103,2025-06-30,17569.98,Liquidado,0,A
503248,1056,101,2025-11-14,2261.0,Em Dia,0,D
503249,1171,103,2025-06-18,14641.32,Em Atraso,58,A
503250,1127,101,2025-11-09,4688.52,Liquidado,0,B
503251,1217,101,2025-09-06,5398.86,Em Dia,0,D
503252,1162,104,2025-07-07,207828.94,Em Dia,0,C
503253,1229,104,2025-02-23,43277.4,Liquidado,0,B
503254,1030,101,2025-11-22,12075.85,Em Dia,0,B
503255,1071,102,2025-12-23,67989.4,Em Dia,0,A
503256,1198,101,2025-11-09,13382.11,Liquidado,0,C
503257,1118,102,2025-05-18,56330.22,Em Dia,0,A
503258,1055,103,2025-06-17,14133.14,Liquidado,0,A
503259,1067,104,2025-04-13,57901.13,Em Dia,0,C
503260,1141,103,2025-03-26,18519.95,Em Dia,0,B
503261,1003,101,2025-11-13,1878.99,Em Dia,0,B
503262,1026,103,2025-07-31,12258.26,Liquidado,0,A
503263,1057,101,2025-01-03,11233.03,Liquidado,0,B
503264,1126,104,2025-06-28,108679.06,Em Dia,0,D
503265,1152,103,2025-12-08,16022.24,Liquidado,0,A
503266,1053,102,2025-10-30,62859.37,Em Dia,0,A
503267,1198,101,2025-11-28,3961.03,Em Dia,0,E
503268,1043,101,2025-02-07,4585.1,Em Dia,0,C
503269,1188,101,2025-08-27,3765.53,Em Dia,0,B
503270,1186,103,2025-06-18,21319.28,Em Dia,0,A
503271,1049,102,2025-12-09,75074.43,Liquidado,0,A
503272,1042,101,2025-11-10,9319.29,Em Dia,0,B
503273,1204,102,2025-11-02,46821.34,Em Dia,0,A
503274,1241,103,2025-01-30,12160.63,Liquidado,0,A
503275,1228,101,2025-07-09,3323.11,Em Dia,0,E
503276,1194,103,2025-12-23,15546.82,Em Dia,0,B
503277,1011,103,2025-01-25,14784.15,Em Dia,0,A
503278,1103,104,2025-04-22,245822.66,Liquidado,0,D
503279,1098,101,2025-07-25,2323.53,Em Dia,0,E
503280,1218,101,2025-07-04,3536.31,Liquidado,0,D
503281,1146,101,2025-02-16,3697.34,Liquidado,0,B
503282,1085,101,2025-08-16,2838.62,Liquidado,0,B
503283,1100,101,2025-02-08,6113.9,Em Dia,0,E
503284,1104,103,2025-01-16,11680.57,Em Dia,0,B
503285,1180,102,2025-01-22,42621.8,Liquidado,0,A
503286,1046,103,2025-08-01,20479.75,Em Dia,0,A
503287,1044,101,2025-11-06,7303.58,Em Dia,0,E
503288,1022,103,2025-05-29,17019.97,Em Dia,0,C
503289,1181,103,2025-08-29,17147.3,Em Dia,0,A
503290,1187,103,2025-09-29,21618.54,Liquidado,0,A
503291,1222,103,2025-02-28,27386.78,Em Dia,0,A
503292,1114,103,2025-10-14,8722.57,Liquidado,0,A
503293,1235,104,2025-07-21,45250.32,Em Dia,0,C
503294,1125,101,2025-02-01,4359.6,Liquidado,0,B
503295,1124,102,2025-06-11,59264.31,Liquidado,0,A
503296,1030,101,2025-09-12,11033.75,Em Dia,0,B
503297,1008,101,2025-09-11,4256.14,Em Dia,0,B
503298,1098,101,2025-01-09,11471.33,Liquidado,0,B
503299,1057,101,2025-05-19,3838.38,Em Atraso,167,E
503300,1111,101,2025-01-10,1979.41,Liquidado,0,B
503301,1073,101,2025-08-02,3465.94,Liquidado,0,B
503302,1115,101,2025-09-30,3550.08,Em Dia,0,C
503303,1020,104,2025-11-20,324608.43,Liquidado,0,C
503304,1232,101,2025-02-17,4660.47,Liquidado,0,D
503305,1025,103,2025-04-21,19889.38,Em Dia,0,A
503306,1019,101,2025-06-02,16397.79,Em Dia,0,C
503307,1005,104,2025-05-03,74124.4,Em Dia,0,D
503308,1075,103,2025-12-23,11876.82,Liquidado,0,C
503309,1207,103,2025-04-12,4348.27,Em Dia,0,A
503310,1128,103,2025-08-29,8830.14,Liquidado,0,A
503311,1072,101,2025-11-17,3992.34,Liquidado,0,D
503312,1211,104,2025-07-10,362446.4,Liquidado,0,C
503313,1215,103,2025-08-05,16926.37,Em Dia,0,A
503314,1155,103,2025-02-20,12432.62,Liquidado,0,A
503315,1040,103,2025-10-19,17005.51,Liquidado,0,B
503316,1224,101,2025-03-22,8946.6,Em Dia,0,C
503317,1026,103,2025-03-29,7161.42,Em Dia,0,C
503318,1027,101,2025-07-13,4308.77,Em Dia,0,C
503319,1190,102,2025-04-14,59606.6,Liquidado,0,A
503320,1083,101,2025-09-28,2915.51,Em Dia,0,E
503321,1128,104,2025-04-06,34485.77,Liquidado,0,C
503322,1178,101,2025-07-17,2702.97,Em Dia,0,C
503323,1170,101,2025-01-01,19686.44,Liquidado,0,E
503324,1157,102,2025-06-16,69940.29,Em Dia,0,A
503325,1167,103,2025-05-06,15639.42,Em Dia,0,B
503326,1188,103,2025-11-09,17225.46,Em Dia,0,B
503327,1169,101,2025-03-22,3260.18,Em Dia,0,D
503328,1033,101,2025-09-08,2458.13,Em Atraso,73,C
503329,1211,103,2025-06-18,14093.81,Em Dia,0,A
503330,1229,104,2025-03-14,118811.68,Em Dia,0,D
503331,1211,103,2025-05-21,17217.02,Liquidado,0,B
503332,1097,102,2025-03-11,62135.81,Em Dia,0,A
503333,1111,104,2025-09-19,123423.61,Liquidado,0,B
503334,1016,102,2025-12-06,57264.88,Liquidado,0,A
503335,1023,102,2025-11-04,40136.15,Liquidado,0,A
503336,1135,102,2025-09-02,49163.21,Liquidado,0,A
503337,1026,102,2025-01-03,71901.59,Em Dia,0,A
503338,1096,103,2025-12-03,11486.67,Liquidado,0,A
503339,1012,102,2025-03-04,78915.32,Em Atraso,63,A
503340,1072,101,2025-02-18,3686.04,Em Dia,0,C
503341,1133,101,2025-03-17,2820.22,Liquidado,0,B
503342,1106,101,2025-06-24,2667.21,Em Dia,0,D
503343,1220,102,2025-04-19,70828.2,Liquidado,0,A
503344,1117,101,2025-07-02,2995.01,Em Atraso,13,C
503345,1197,101,2025-07-11,20575.72,Em Atraso,76,E
503346,1177,103,2025-03-06,12195.67,Liquidado,0,A
503347,1026,103,2025-12-03,21393.11,Em Dia,0,A
503348,1133,103,2025-09-28,10177.58,Em Dia,0,A
503349,1022,102,2025-04-10,44977.53,Em Dia,0,A
503350,1207,103,2025-02-01,13711.92,Em Dia,0,A
503351,1013,104,2025-12-18,67885.79,Liquidado,0,C
503352,1156,103,2025-05-08,11447.35,Em Dia,0,A
503353,1161,103,2025-12-05,6395.92,Em Dia,0,A
503354,1107,101,2025-02-12,2022.98,Em Dia,0,B
503355,1023,104,2025-03-19,31621.58,Em Dia,0,C
503356,1097,101,2025-11-10,2855.5,Em Dia,0,E
503357,1235,101,2025-10-16,2701.49,Liquidado,0,B
503358,1018,102,2025-09-27,71350.18,Em Dia,0,A
503359,1242,101,2025-06-11,2100.39,Em Dia,0,B
503360,1117,104,2025-07-08,22165.43,Em Atraso,128,F
503361,1030,102,2025-09-04,33949.19,Em Dia,0,A
503362,1026,102,2025-08-04,-3114.42,Em Dia,0,A
503363,1144,103,2025-11-11,20786.31,Em Dia,0,A
503364,1205,102,2025-12-05,34477.78,Em Dia,0,A
503365,1039,101,2025-06-17,2338.68,Liquidado,0,B
503366,1161,103,2025-12-05,16478.91,Em Dia,0,A
503367,1154,103,2025-07-12,15205.44,Liquidado,0,B
503368,1176,102,2025-10-10,37743.57,Em Dia,0,B
503369,1193,103,2025-12-02,17483.99,Em Dia,0,A
503370,1241,101,2025-01-13,6164.05,Liquidado,0,B
503371,1166,101,2025-08-28,1260.59,Em Dia,0,C
503372,1130,101,2025-11-16,4462.41,Em Dia,0,B
503373,1113,101,2025-05-27,4631.47,Liquidado,0,B
503374,1134,103,2025-07-23,25972.45,Em Dia,0,A
503375,1046,103,2025-03-21,17815.18,Em Dia,0,A
503376,1050,101,2025-02-12,2258.83,Em Atraso,88,D
503377,1166,102,2025-03-30,44482.05,Liquidado,0,A
503378,1106,103,2025-05-28,9794.1,Liquidado,0,B
503379,1216,101,2025-04-05,12054.23,Em Dia,0,D
503380,1146,101,2025-05-31,3437.34,Liquidado,0,D
503381,1155,104,2025-01-02,32657.22,Em Dia,0,B
503382,1169,103,2025-01-22,17137.0,Liquidado,0,A
503383,1072,104,2025-11-09,176155.44,Liquidado,0,B
503384,1220,101,2025-11-24,14291.35,Em Dia,0,C
503385,1074,103,2025-01-07,15413.81,Em Dia,0,A
503386,1017,101,2025-07-25,6807.14,Em Atraso,127,E
503387,1247,101,2025-04-24,2297.66,Em Dia,0,C
503388,1190,102,2025-09-29,41800.13,Em Dia,0,A
503389,1157,101,2025-03-24,3505.15,Liquidado,0,D
503390,1186,101,2025-06-28,6512.84,Em Atraso,28,C
503391,1070,101,2025-07-29,2561.84,Em Dia,0,B
503392,1206,101,2025-11-24,8036.41,Liquidado,0,C
503393,1150,103,2025-05-04,17661.0,Em Dia,0,A
503394,1246,102,2025-04-23,55123.44,Liquidado,0,A
503395,1006,101,2025-01-12,8208.2,Liquidado,0,B
503396,1026,101,2025-05-06,8637.95,Liquidado,0,D
503397,1167,101,2025-02-22,15148.09,Em Atraso,18,B
503398,1140,103,2025-11-27,13050.72,Em Atraso,51,A
503399,1099,101,2025-10-10,5862.18,Liquidado,0,B
503400,1142,103,2025-05-20,7635.55,Liquidado,0,B
503401,1022,101,2025-04-07,5420.2,Em Dia,0,B
503402,1051,101,2025-01-05,5905.77,Liquidado,0,D
503403,1151,103,2025-02-26,13032.54,Liquidado,0,A
503404,1176,103,2025-11-30,13349.38,Em Dia,0,A
503405,1199,101,2025-03-10,10273.17,Em Dia,0,C
503406,1104,103,2025-04-28,15064.32,Em Atraso,67,A
503407,1178,102,2025-02-28,53720.97,Liquidado,0,B
503408,1089,103,2025-02-02,13694.33,Em Dia,0,A
503409,1141,103,2025-11-14,16717.4,Em Dia,0,B
503410,1213,103,2025-02-19,14670.22,Liquidado,0,A
503411,1233,104,2025-01-19,84782.93,Em Dia,0,C
503412,1138,101,2025-08-02,4480.16,Em Dia,0,D
503413,1245,103,2025-07-16,17748.56,Em Dia,0,A
503414,1183,102,2025-02-16,26826.36,Em Dia,0,A
503415,1009,101,2025-06-16,11841.22,Em Dia,0,D
503416,1079,101,2025-10-16,8023.07,Liquidado,0,B
503417,1052,101,2025-05-21,1435.14,Liquidado,0,C
503418,1130,103,2025-03-25,5962.45,Em Dia,0,C
503419,1153,102,2025-07-01,31269.7,Liquidado,0,A
503420,1013,102,2025-03-20,63753.94,Em Dia,0,A
503421,1226,101,2025-08-03,4645.78,Em Dia,0,C
503422,1051,102,2025-01-14,51778.92,Em Dia,0,A
503423,1186,104,2025-08-03,79524.52,Liquidado,0,C
503424,1034,101,2025-05-08,20388.11,Em Atraso,50,C
503425,1035,103,2025-11-06,14298.17,Liquidado,0,A
503426,1230,103,2025-09-05,18142.42,Em Dia,0,A
503427,1131,103,2025-01-29,19368.08,Liquidado,0,A
503428,1234,102,2025-10-07,20251.02,Liquidado,0,B
503429,1120,103,2025-12-04,13156.63,Liquidado,0,A
503430,1187,101,2025-11-15,4400.75,Liquidado,0,B
503431,1070,103,2025-07-21,16457.3,Em Dia,0,B
503432,1247,101,2025-12-27,5185.38,Em Dia,0,B
503433,1176,101,2025-02-26,4078.83,Em Dia,0,B
503434,1192,101,2025-08-06,6890.14,Liquidado,0,B
503435,1241,103,2025-03-03,8464.24,Em Dia,0,A
503436,1147,102,2025-06-06,51917.28,Liquidado,0,A
503437,1067,101,2025-07-21,2596.44,Liquidado,0,B
503438,1210,101,2025-01-17,6256.26,Em Dia,0,C
503439,1103,104,2025-11-18,29479.65,Em Atraso,162,E
503440,1073,103,2025-01-06,12536.12,Liquidado,0,A
503441,1116,102,2025-02-27,81909.46,Liquidado,0,A
503442,1204,103,2025-11-21,7618.3,Liquidado,0,B
503443,1133,102,2025-11-14,38674.49,Em Dia,0,A
503444,1067,101,2025-06-18,4636.22,Em Dia,0,D
503445,1139,104,2025-03-23,32393.56,Liquidado,0,B
503446,1121,101,2025-08-07,1618.8,Em Atraso,3,C
503447,1094,102,2025-06-26,78449.06,Em Dia,0,A
503448,1196,101,2025-07-23,10482.65,Em Dia,0,B
503449,1197,102,2025-03-12,53017.84,Liquidado,0,A
503450,1129,102,2025-09-23,49016.54,Liquidado,0,A
503451,1091,102,2025-04-08,16718.67,Em Dia,0,A
503452,1092,101,2025-12-11,8537.61,Liquidado,0,D
503453,1063,102,2025-10-18,47694.1,Liquidado,0,A
503454,1029,101,2025-07-27,3787.28,Em Dia,0,E
503455,1210,101,2025-01-02,2097.4,Em Dia,0,B
503456,1012,101,2025-05-04,8191.57,Em Atraso,61,E
503457,1077,103,2025-10-07,6657.15,Liquidado,0,B
503458,1041,102,2025-03-15,70111.17,Liquidado,0,A
503459,1130,103,2025-06-15,13650.71,Liquidado,0,A
503460,1037,103,2025-01-22,11005.29,Em Dia,0,A
503461,1173,103,2025-06-03,18342.07,Liquidado,0,A
503462,1208,102,2025-10-22,86968.29,Em Dia,0,A
503463,1176,101,2025-08-07,7122.18,Liquidado,0,C
503464,1024,101,2025-06-06,8953.42,Em Dia,0,B
503465,1099,103,2025-08-18,15261.28,Em Dia,0,A
503466,1150,102,2025-01-20,27521.48,Liquidado,0,B
503467,1100,103,2025-02-10,12307.02,Liquidado,0,A
503468,1139,103,2025-05-28,19098.93,Em Dia,0,B
503469,1247,101,2025-04-18,7454.56,Liquidado,0,D
503470,1058,101,2025-03-25,5314.84,Em Dia,0,C
503471,1174,103,2025-11-18,17052.93,Em Atraso,2,C
503472,1029,101,2025-11-05,3707.35,Liquidado,0,B
503473,1163,101,2025-10-17,3691.72,Liquidado,0,B
503474,1240,103,2025-11-19,12794.33,Em Dia,0,B
503475,1246,101,2025-05-14,15836.6,Em Dia,0,B
503476,1143,104,2025-07-26,42886.22,Em Dia,0,C
503477,1060,103,2025-10-10,17493.86,Em Dia,0,A
503478,1095,103,2025-09-23,14792.84,Em Dia,0,A
503479,1042,101,2025-03-14,3666.75,Em Dia,0,D
503480,1233,101,2025-12-18,6639.12,Liquidado,0,C
503481,1043,102,2025-02-17,56080.0,Liquidado,0,A
503482,1208,101,2025-11-22,1117.3,Em Dia,0,C
503483,1074,101,2025-08-21,2883.68,Em Atraso,59,D
503484,1177,101,2025-04-10,7154.52,Liquidado,0,B
503485,1192,101,2025-02-28,2538.42,Liquidado,0,B
503486,1160,101,2025-09-15,2517.85,Em Atraso,49,C
503487,1064,103,2025-03-06,15439.2,Liquidado,0,B
503488,1243,101,2025-03-24,2127.82,Em Dia,0,C
503489,1002,101,2025-06-03,2380.16,Em Dia,0,B
503490,1152,103,2025-09-23,11303.67,Liquidado,0,A
503491,1215,104,2025-11-05,245317.61,Em Dia,0,C
503492,1066,101,2025-03-20,5275.2,Em Atraso,61,C
503493,1166,101,2025-11-11,4915.62,Liquidado,0,B
503494,1031,102,2025-05-30,81744.99,Liquidado,0,A
503495,1115,104,2025-02-17,429532.22,Em Dia,0,C
503496,1232,103,2025-09-05,23450.1,Em Dia,0,A
503497,1026,103,2025-10-05,10112.21,Liquidado,0,A
503498,1029,101,2025-12-22,8791.09,Em Dia,0,B
503499,1195,102,2025-04-08,53426.71,Em Dia,0,A
503500,1250,101,2025-01-25,4781.44,Em Dia,0,B
503501,1078,103,2025-10-11,15066.15,Liquidado,0,A
503502,1025,103,2025-10-28,16721.63,Em Dia,0,A
503503,1048,104,2025-03-09,52587.85,Liquidado,0,B
503504,1065,101,2025-01-07,4394.08,Liquidado,0,B
503505,1181,101,2025-11-01,9082.33,Liquidado,0,C
503506,1067,102,2025-05-17,43588.67,Liquidado,0,A
503507,1246,103,2025-06-13,7754.61,Liquidado,0,A
503508,1090,103,2025-03-24,18649.11,Em Dia,0,A
503509,1146,101,2025-05-18,1954.32,Em Dia,0,B
503510,1137,101,2025-03-14,5090.12,Liquidado,0,B
503511,1038,102,2025-08-25,38279.96,Liquidado,0,A
503512,1087,101,2025-02-15,6271.3,Em Atraso,73,E
503513,1149,103,2025-04-16,12637.05,Liquidado,0,B
503514,1249,102,2025-10-15,80271.45,Em Dia,0,A
503515,1065,103,2025-09-19,10249.6,Em Dia,0,B
503516,1149,102,2025-06-25,54208.62,Em Atraso,89,A
503517,1027,103,2025-06-15,12668.28,Liquidado,0,C
503518,1106,101,2025-05-25,1826.9,Em Atraso,86,D
503519,1123,103,2025-11-26,12135.22,Em Dia,0,B
503520,1198,101,2025-10-10,8470.92,Em Dia,0,B
503521,1247,102,2025-02-23,52870.43,Em Dia,0,A
503522,1044,101,2025-06-27,2374.65,Liquidado,0,C
503523,1100,102,2025-09-01,54827.53,Em Dia,0,B
503524,1028,101,2025-12-07,2345.43,Em Dia,0,D
503525,1173,101,2025-05-07,12535.83,Liquidado,0,D
503526,1017,104,2025-09-28,98418.79,Em Dia,0,C
503527,1127,101,2025-05-12,3640.59,Em Dia,0,C
503528,1123,103,2025-04-03,11874.57,Em Atraso,38,C
503529,1168,104,2025-03-14,41742.31,Liquidado,0,C
503530,1250,101,2025-09-05,5771.84,Liquidado,0,B
503531,1244,103,2025-12-14,18904.75,Em Dia,0,A
503532,1131,101,2025-09-30,2035.41,Em Dia,0,B
503533,1076,101,2025-02-12,11094.97,Em Dia,0,C
503534,1231,102,2025-02-10,95895.59,Liquidado,0,A
503535,1204,104,2025-06-19,205254.13,Em Dia,0,B
503536,1194,101,2025-07-31,2589.7,Em Dia,0,E
503537,1248,102,2025-06-17,46139.57,Liquidado,0,A
503538,1046,102,2025-02-08,64247.6,Liquidado,0,B
503539,1214,103,2025-09-02,10671.1,Liquidado,0,C
503540,1215,101,2025-05-31,2421.4,Em Atraso,115,E
503541,1158,103,2025-04-21,12693.63,Liquidado,0,A
503542,1069,103,2025-02-16,14336.15,Em Dia,0,A
503543,1137,103,2025-03-04,13517.0,Em Dia,0,A
503544,1085,104,2025-08-13,26965.86,Em Dia,0,B
503545,1011,103,2025-03-10,10260.64,Em Dia,0,A
503546,1069,101,2025-10-26,10277.01,Em Dia,0,B
503547,1099,102,2025-10-17,57105.73,Em Dia,0,A
503548,1091,101,2025-10-23,9229.47,Em Dia,0,B
503549,1241,101,2025-07-22,8204.34,Em Dia,0,D
503550,1194,102,2025-03-02,51972.84,Liquidado,0,A
503551,1216,101,2025-11-14,3564.38,Liquidado,0,D
503552,1159,102,2025-11-10,47369.3,Liquidado,0,A
503553,1161,104,2025-06-10,37435.83,Liquidado,0,C
503554,1167,101,2025-11-27,10350.82,Em Dia,0,D
503555,1094,104,2025-01-16,61655.73,Liquidado,0,C
503556,1174,102,2025-12-04,51987.62,Liquidado,0,A
503557,1165,103,2025-04-04,7756.8,Em Dia,0,A
503558,1115,103,2025-10-31,17707.55,Em Dia,0,C
503559,1220,101,2025-05-18,2698.7,Liquidado,0,D
503560,1188,102,2025-12-04,48360.26,Em Dia,0,A
503561,1031,102,2025-02-07,29461.97,Em Dia,0,A
503562,1011,101,2025-05-07,1668.06,Liquidado,0,B
503563,1087,104,2025-10-02,91670.2,Em Dia,0,D
503564,1121,103,2025-06-13,13782.4,Liquidado,0,A
503565,1130,101,2025-11-15,1766.59,Liquidado,0,B
503566,1232,101,2025-03-18,1791.62,Liquidado,0,C
503567,1105,102,2025-06-23,61795.95,Liquidado,0,A
503568,1027,101,2025-12-24,12040.16,Em Dia,0,E
503569,1227,103,2025-11-17,17733.44,Em Dia,0,B
503570,1002,101,2025-04-01,4880.94,Em Dia,0,B
503571,1103,102,2025-08-26,12241.54,Em Dia,0,B
503572,1101,101,2025-09-21,2380.76,Em Dia,0,C
503573,1021,101,2025-06-28,1755.02,Em Dia,0,B
503574,1058,103,2025-07-28,16243.25,Liquidado,0,A
503575,1133,102,2025-03-14,50767.01,Liquidado,0,A
503576,1180,104,2025-04-17,169306.6,Liquidado,0,B
503577,1173,103,2025-12-11,10767.01,Liquidado,0,A
503578,1085,101,2025-10-22,11639.33,Em Dia,0,B
503579,1093,101,2025-10-11,3481.36,Em Dia,0,B
503580,1020,103,2025-12-19,22135.67,Em Dia,0,A
503581,1061,104,2025-07-01,234514.76,Em Dia,0,C
503582,1038,103,2025-02-06,14982.99,Em Dia,0,B
503583,1148,101,2025-05-17,3363.77,Liquidado,0,C
503584,1242,104,2025-12-04,86662.99,Em Dia,0,C
503585,1025,101,2025-02-25,4601.49,Liquidado,0,D
503586,1130,103,2025-07-06,18703.22,Liquidado,0,A
503587,1121,104,2025-12-07,105217.57,Em Dia,0,D
503588,1160,101,2025-09-15,4080.73,Liquidado,0,C
503589,1026,104,2025-02-27,229082.34,Liquidado,0,B
503590,1198,101,2025-12-29,6335.69,Em Dia,0,D
503591,1169,104,2025-05-03,211850.58,Liquidado,0,C
503592,1249,101,2025-07-07,2222.05,Em Dia,0,D
503593,1067,104,2025-08-18,474117.04,Em Dia,0,B
503594,1225,101,2025-06-17,6230.33,Em Dia,0,D
503595,1001,103,2025-04-24,14672.35,Liquidado,0,B
503596,1051,102,2025-09-09,42471.59,Liquidado,0,A
503597,1005,102,2025-04-17,41830.65,Liquidado,0,A
503598,1013,101,2025-02-06,5947.13,Em Dia,0,D
503599,1147,103,2025-12-01,12665.44,Em Dia,0,A
503600,1140,101,2025-04-02,4986.7,Em Dia,0,B
503601,1048,102,2025-01-18,44082.71,Em Dia,0,A
503602,1153,101,2025-12-20,2510.1,Em Dia,0,B
503603,1057,104,2025-03-04,354700.68,Em Dia,0,E
503604,1115,101,2025-05-30,2253.7,Em Atraso,61,C
503605,1035,101,2025-05-19,2425.5,Liquidado,0,B
503606,1076,101,2025-07-05,8866.13,Liquidado,0,B
503607,1094,102,2025-07-04,48503.71,Liquidado,0,B
503608,1005,101,2025-07-24,7155.73,Em Dia,0,B
503609,1226,102,2025-09-17,73656.22,Em Dia,0,A
503610,1022,103,2025-08-02,13433.15,Liquidado,0,A
503611,1103,103,2025-09-13,15607.59,Liquidado,0,A
503612,1205,102,2025-05-15,48209.29,Em Dia,0,A
503613,1185,101,2025-03-02,2989.16,Em Dia,0,C
503614,1175,103,2025-12-29,18140.4,Em Dia,0,C
503615,1182,101,2025-11-06,9333.04,Em Dia,0,C
503616,1131,103,2025-03-29,6577.18,Em Dia,0,A
503617,1124,101,2025-11-20,13510.96,Em Dia,0,B
503618,1053,102,2025-07-26,44835.97,Em Dia,0,A
503619,1212,101,2025-05-09,3105.09,Liquidado,0,B
503620,1159,103,2025-11-07,13168.04,Liquidado,0,A
503621,1069,101,2025-01-03,1009.59,Em Dia,0,B
503622,1216,102,2025-08-30,47956.39,Liquidado,0,A
503623,1104,101,2025-05-01,1421.65,Liquidado,0,D
503624,1246,103,2025-04-12,12519.86,Liquidado,0,A
503625,1161,104,2025-02-07,62620.88,Liquidado,0,D
503626,1200,102,2025-12-07,55903.85,Liquidado,0,B
503627,1216,102,2025-05-13,54122.74,Em Dia,0,A
503628,1178,104,2025-07-21,106869.75,Liquidado,0,C
503629,1212,102,2025-12-14,30306.06,Em Dia,0,A
503630,1016,102,2025-01-21,37823.39,Em Dia,0,B
503631,1242,102,2025-08-30,65365.78,Em Dia,0,B
503632,1116,103,2025-04-19,12421.32,Em Atraso,37,C
503633,1076,101,2025-10-30,18087.16,Em Atraso,14,C
503634,1205,103,2025-03-25,14534.96,Em Dia,0,A
503635,1109,102,2025-03-24,44544.78,Em Dia,0,A
503636,1234,101,2025-10-18,2772.7,Em Atraso,53,D
503637,1039,103,2025-03-10,13196.76,Em Dia,0,A
503638,1089,101,2025-05-09,20040.9,Em Dia,0,B
503639,1174,101,2025-07-15,1996.14,Liquidado,0,D
503640,1224,103,2025-05-20,12127.45,Em Dia,0,A
503641,1216,103,2025-10-10,12538.43,Liquidado,0,A
503642,1112,103,2025-11-08,20515.64,Liquidado,0,A
503643,1047,104,2025-08-22,51202.74,Em Dia,0,D
503644,1172,103,2025-01-23,16175.15,Liquidado,0,A
503645,1137,101,2025-06-02,3019.11,Em Dia,0,E
503646,1232,101,2025-10-04,12595.88,Liquidado,0,C
503647,1242,103,2025-03-02,17597.02,Em Dia,0,A
503648,1215,101,2025-11-15,2481.45,Em Dia,0,C
503649,1128,103,2025-02-21,14810.74,Em Dia,0,C
503650,1178,103,2025-12-10,11575.6,Liquidado,0,A
503651,1077,101,2025-06-02,2936.57,Em Atraso,109,E
503652,1188,104,2025-08-25,332784.3,Em Atraso,62,E
503653,1224,102,2025-11-07,35679.35,Liquidado,0,A
503654,1242,102,2025-10-29,41918.88,Liquidado,0,A
503655,1015,104,2025-02-01,416528.73,Em Dia,0,C
503656,1036,102,2025-02-24,54382.53,Liquidado,0,A
503657,1241,101,2025-12-18,5849.64,Liquidado,0,C
503658,1063,102,2025-02-05,38556.24,Em Dia,0,A
503659,1069,103,2025-04-20,16561.99,Em Dia,0,A
503660,1214,103,2025-06-26,7752.69,Em Dia,0,A
503661,1208,103,2025-12-28,9284.49,Em Dia,0,A
503662,1169,103,2025-11-10,14587.53,Em Dia,0,B
503663,1074,101,2025-10-22,4584.7,Em Dia,0,B
503664,1024,103,2025-12-02,17146.4,Em Dia,0,C
503665,1210,103,2025-04-07,12901.85,Liquidado,0,A
503666,1049,101,2025-08-01,2898.37,Em Dia,0,C
503667,1146,101,2025-11-13,5112.84,Liquidado,0,C
503668,1007,104,2025-05-17,35039.93,Liquidado,0,E
503669,1004,103,2025-01-06,16766.5,Em Dia,0,A
503670,1090,103,2025-04-19,8940.43,Liquidado,0,A
503671,1197,103,2025-02-04,16538.27,Liquidado,0,A
503672,1060,102,2025-02-08,38193.15,Liquidado,0,A
503673,1055,103,2025-05-30,16923.26,Em Dia,0,B
503674,1016,102,2025-04-28,62088.51,Em Dia,0,B
503675,1227,101,2025-09-18,1404.89,Em Atraso,80,B
503676,1218,103,2025-03-28,15359.52,Em Dia,0,A
503677,1210,102,2025-03-17,70323.03,Liquidado,0,A
503678,1029,103,2025-11-09,13350.42,Em Dia,0,A
503679,1151,102,2025-08-02,49368.49,Em Dia,0,A
503680,1245,102,2025-10-12,31775.62,Em Dia,0,A
503681,1014,101,2025-08-27,5820.08,Em Dia,0,E
503682,1079,101,2025-06-14,6359.93,Em Atraso,179,E
503683,1177,101,2025-03-28,13112.94,Em Dia,0,C
503684,1033,101,2025-05-21,10621.27,Em Dia,0,E
503685,1153,104,2025-06-09,143685.23,Liquidado,0,C
503686,1021,101,2025-02-15,3747.86,Em Dia,0,D
503687,1145,101,2025-04-22,12145.61,Em Dia,0,B
503688,1023,102,2025-02-14,47940.63,Em Dia,0,B
503689,1057,103,2025-09-04,14279.59,Liquidado,0,B
503690,1235,101,2025-04-14,3696.35,Liquidado,0,C
503691,1209,103,2025-03-26,13120.72,Em Dia,0,A
503692,1186,103,2025-05-14,14248.28,Em Dia,0,B
503693,1142,101,2025-04-18,10341.2,Em Dia,0,D
503694,1093,101,2025-01-18,4651.67,Em Dia,0,C
503695,1020,104,2025-04-04,50146.34,Em Dia,0,B
503696,1158,103,2025-05-30,11414.12,Em Dia,0,A
503697,1019,103,2025-09-03,19785.04,Em Dia,0,A
503698,1181,101,2025-10-16,9157.64,Liquidado,0,B
503699,1103,102,2025-07-28,41145.53,Em Dia,0,A
503700,1184,102,2025-05-06,41248.34,Em Dia,0,A
503701,1077,101,2025-08-23,2452.91,Em Dia,0,C
503702,1210,102,2025-05-02,51031.43,Em Dia,0,A
503703,1151,103,2025-05-18,19216.73,Liquidado,0,A
503704,1190,101,2025-04-25,3944.32,Liquidado,0,D
503705,1238,103,2025-06-11,21916.19,Liquidado,0,C
503706,1033,103,2025-07-20,21287.87,Liquidado,0,A
503707,1231,101,2025-08-22,3207.39,Em Dia,0,D
503708,1232,103,2025-01-28,17742.23,Em Dia,0,C
503709,1018,101,2025-01-11,21898.66,Em Dia,0,B
503710,1073,103,2025-07-25,17218.53,Em Dia,0,A
503711,1161,101,2025-06-16,4238.68,Em Atraso,8,D
503712,1160,101,2025-09-04,5954.4,Em Dia,0,D
503713,1189,103,2025-02-16,13421.52,Em Dia,0,B
503714,1182,102,2025-09-03,72819.02,Em Dia,0,A
503715,1017,104,2025-05-07,351314.09,Em Atraso,69,C
503716,1019,101,2025-05-27,3560.81,Em Dia,0,B
503717,1219,101,2025-04-28,7234.87,Em Dia,0,B
503718,1070,102,2025-06-01,63380.46,Em Dia,0,A
503719,1227,102,2025-03-13,88999.69,Em Dia,0,A
503720,1120,101,2025-12-29,26002.16,Em Atraso,50,D
503721,1101,103,2025-05-17,11914.7,Liquidado,0,C
503722,1034,103,2025-06-24,11952.09,Em Dia,0,A
503723,1084,103,2025-10-16,10486.32,Em Dia,0,C
503724,1153,104,2025-01-19,105362.23,Em Atraso,73,C
503725,1196,101,2025-07-14,1354.16,Em Atraso,12,C
503726,1074,103,2025-11-26,20664.81,Liquidado,0,A
503727,1202,101,2025-06-24,6348.28,Liquidado,0,C
503728,1088,103,2025-12-20,8214.17,Em Dia,0,C
503729,1085,102,2025-05-21,30517.95,Em Dia,0,A
503730,1011,104,2025-09-03,82927.47,Em Atraso,87,C
503731,1091,103,2025-04-03,8172.48,Em Dia,0,A
503732,1144,104,2025-08-27,70215.38,Em Dia,0,C
503733,1218,103,2025-07-24,11664.64,Liquidado,0,B
503734,1189,104,2025-02-17,69336.03,Liquidado,0,E
503735,1222,103,2025-09-02,19107.53,Liquidado,0,C
503736,1127,102,2025-11-16,54506.06,Liquidado,0,A
503737,1113,101,2025-11-13,5197.03,Em Atraso,47,C
503738,1080,101,2025-10-22,3057.77,Em Dia,0,C
503739,1007,101,2025-05-08,3077.65,Em Dia,0,B
503740,1016,102,2025-12-10,49312.83,Em Dia,0,A
503741,1227,102,2025-10-09,49050.57,Liquidado,0,A
503742,1250,102,2025-01-17,59441.32,Em Dia,0,A
503743,1016,104,2025-03-12,104643.72,Em Dia,0,B
503744,1168,104,2025-09-26,169919.99,Em Dia,0,B
503745,1012,101,2025-11-21,13344.91,Em Dia,0,B
503746,1035,101,2025-10-09,4091.16,Em Dia,0,D
503747,1241,102,2025-11-01,49905.34,Liquidado,0,A
503748,1021,101,2025-01-07,1373.82,Em Dia,0,B
503749,1178,103,2025-11-10,23511.67,Liquidado,0,A
503750,1171,102,2025-11-01,38826.91,Em Dia,0,A
503751,1228,102,2025-04-13,47884.76,Em Dia,0,B
503752,1240,103,2025-11-05,16905.06,Liquidado,0,A
503753,1017,103,2025-07-12,14406.31,Liquidado,0,A
503754,1032,101,2025-08-29,23285.77,Em Dia,0,C
503755,1041,103,2025-03-03,10480.45,Em Dia,0,A
503756,1134,102,2025-01-17,58707.92,Em Dia,0,A
503757,1216,101,2025-06-20,5434.24,Em Dia,0,C
503758,1027,101,2025-01-25,2316.27,Em Dia,0,B
503759,1148,102,2025-09-08,45276.42,Liquidado,0,A
503760,1153,101,2025-09-10,1149.42,Em Atraso,48,D
503761,1066,101,2025-07-26,1647.48,Em Atraso,26,C
503762,1137,103,2025-01-29,14609.91,Em Dia,0,B
503763,1092,103,2025-04-27,23683.54,Em Dia,0,C
503764,1181,101,2025-10-09,3785.87,Em Dia,0,B
503765,1061,101,2025-05-24,11312.78,Em Dia,0,B
503766,1166,103,2025-01-25,10500.49,Liquidado,0,A
503767,1003,101,2025-11-06,4222.84,Em Dia,0,B
503768,1212,104,2025-06-05,89765.42,Em Dia,0,B
503769,1198,103,2025-03-14,12263.17,Em Dia,0,C
503770,1103,101,2025-04-30,4383.88,Em Dia,0,D
503771,1225,101,2025-11-08,12115.89,Em Dia,0,B
503772,1055,101,2025-11-17,2790.71,Em Dia,0,E
503773,1001,101,2025-04-03,14076.12,Em Dia,0,E
503774,1101,101,2025-03-27,19345.36,Liquidado,0,B
503775,1198,103,2025-12-02,15642.45,Em Dia,0,A
503776,1045,101,2025-12-30,6927.8,Em Atraso,101,E
503777,1226,102,2025-04-28,49727.5,Liquidado,0,A
503778,1175,102,2025-08-21,34114.37,Liquidado,0,A
503779,1207,101,2025-07-18,1020.47,Liquidado,0,B
503780,1237,101,2025-07-25,3808.06,Em Dia,0,B
503781,1026,101,2025-12-05,1419.76,Em Dia,0,D
503782,1121,101,2025-05-27,4068.36,Em Dia,0,C
503783,1142,103,2025-09-28,15099.8,Em Dia,0,A
503784,1250,101,2025-05-19,14149.31,Em Atraso,141,E
503785,1182,103,2025-06-30,23495.58,Liquidado,0,B
503786,1199,102,2025-01-30,45607.85,Liquidado,0,B
503787,1046,102,2025-02-26,58370.23,Em Dia,0,B
503788,1122,102,2025-08-20,50559.87,Liquidado,0,A
503789,1031,103,2025-05-26,15903.05,Em Dia,0,A
503790,1216,101,2025-02-17,4197.01,Em Dia,0,C
503791,1059,101,2025-07-13,13282.3,Em Dia,0,B
503792,1223,102,2025-08-12,43185.81,Em Dia,0,A
503793,1029,101,2025-05-16,15833.42,Liquidado,0,B
503794,1106,102,2025-01-22,39001.93,Liquidado,0,A
503795,1224,103,2025-01-06,12174.88,Em Dia,0,A
503796,1017,102,2025-07-23,18660.55,Em Dia,0,A
503797,1142,103,2025-08-27,20764.35,Em Dia,0,A
503798,1232,102,2025-07-04,43072.04,Em Dia,0,A
503799,1164,103,2025-12-26,19356.64,Em Dia,0,B
503800,1186,103,2025-10-19,18649.96,Em Dia,0,B
503801,1240,102,2025-12-01,60341.09,Liquidado,0,A
503802,1024,103,2025-08-08,12744.85,Em Dia,0,A
503803,1109,103,2025-04-26,10235.12,Em Dia,0,C
503804,1191,102,2025-11-09,66929.75,Em Dia,0,A
503805,1246,102,2025-02-18,13304.34,Liquidado,0,A
503806,1091,103,2025-06-22,15174.5,Em Dia,0,A
503807,1025,102,2025-03-23,38529.33,Em Dia,0,A
503808,1187,101,2025-11-18,7624.07,Em Dia,0,D
503809,1032,103,2025-11-29,12690.75,Liquidado,0,A
503810,1116,101,2025-02-14,8265.39,Em Dia,0,C
503811,1082,103,2025-12-01,20403.39,Liquidado,0,A
503812,1110,103,2025-01-20,10864.74,Em Dia,0,A
503813,1146,104,2025-08-09,150633.5,Liquidado,0,D
503814,1037,101,2025-05-03,2533.13,Em Dia,0,B
503815,1026,102,2025-08-22,27717.72,Liquidado,0,A
503816,1137,102,2025-08-09,59350.83,Em Dia,0,A
503817,1227,101,2025-11-19,5461.85,Liquidado,0,B
503818,1064,101,2025-12-05,3547.47,Liquidado,0,B
503819,1072,102,2025-01-03,37855.65,Em Dia,0,A
503820,1148,102,2025-07-01,52084.89,Em Dia,0,A
503821,1182,101,2025-07-25,9309.34,Em Dia,0,D
503822,1106,103,2025-11-16,11986.05,Em Dia,0,A
503823,1086,103,2025-02-09,15596.15,Liquidado,0,B
503824,1211,103,2025-02-28,12521.17,Em Dia,0,A
503825,1158,104,2025-03-03,30544.82,Liquidado,0,C
503826,1053,102,2025-05-12,31048.1,Liquidado,0,A
503827,1092,104,2025-03-01,26042.27,Liquidado,0,B
503828,1099,103,2025-11-27,13260.95,Liquidado,0,A
503829,1235,101,2025-05-02,6826.75,Liquidado,0,B
503830,1191,101,2025-04-17,7461.0,Em Dia,0,C
503831,1011,102,2025-04-06,43651.08,Em Dia,0,B
503832,1031,102,2025-12-13,57393.7,Em Dia,0,A
503833,1177,102,2025-08-23,66413.65,Em Dia,0,A
503834,1240,102,2025-03-03,67980.7,Liquidado,0,A
503835,1231,103,2025-09-13,11798.15,Em Dia,0,A
503836,1100,102,2025-02-18,58167.97,Em Dia,0,A
503837,1222,101,2025-12-14,2138.88,Liquidado,0,B
503838,1087,103,2025-06-08,31591.58,Liquidado,0,A
503839,1147,101,2025-05-04,9922.13,Em Dia,0,C
503840,1140,104,2025-11-13,199985.64,Em Dia,0,D
503841,1015,101,2025-07-26,9873.99,Liquidado,0,B
503842,1159,104,2025-02-17,91769.47,Liquidado,0,E
503843,1171,101,2025-05-16,5289.56,Em Dia,0,D
503844,1101,101,2025-07-20,2473.03,Liquidado,0,B
503845,1165,101,2025-09-07,2730.68,Em Dia,0,B
503846,1207,103,2025-11-10,11707.6,Em Dia,0,B
503847,1029,103,2025-12-23,13501.88,Liquidado,0,A
503848,1114,102,2025-11-14,81601.68,Em Dia,0,A
503849,1107,104,2025-10-22,504458.59,Em Dia,0,C
503850,1154,102,2025-11-10,18566.2,Em Dia,0,A
503851,1108,103,2025-07-28,8728.02,Em Dia,0,B
503852,1130,103,2025-12-21,17450.82,Liquidado,0,B
503853,1084,101,2025-07-30,3958.21,Em Dia,0,D
503854,1015,101,2025-07-11,4631.18,Em Dia,0,B
503855,1244,104,2025-02-13,130811.29,Em Dia,0,C
503856,1132,104,2025-01-29,399832.32,Liquidado,0,D
503857,1214,104,2025-02-28,107915.67,Liquidado,0,C
503858,1050,104,2025-03-12,379458.36,Em Dia,0,E
503859,1166,101,2025-04-02,1722.59,Liquidado,0,B
503860,1023,103,2025-09-22,14660.91,Em Dia,0,A
503861,1059,102,2025-08-08,62624.92,Liquidado,0,A
503862,1090,104,2025-08-03,314430.63,Liquidado,0,C
503863,1115,102,2025-10-04,53430.73,Em Dia,0,A
503864,1075,102,2025-03-05,58344.43,Em Dia,0,A
503865,1156,102,2025-12-12,55409.99,Liquidado,0,A
503866,1248,101,2025-10-19,19229.94,Em Atraso,7,C
503867,1194,101,2025-09-02,5755.2,Em Dia,0,C
503868,1123,103,2025-03-03,14666.49,Liquidado,0,B
503869,1136,103,2025-11-28,11791.22,Em Dia,0,A
503870,1157,101,2025-06-19,2226.62,Em Dia,0,B
503871,1139,103,2025-09-26,11935.68,Liquidado,0,A
503872,1229,103,2025-09-24,12563.46,Em Dia,0,B
503873,1018,102,2025-02-23,63065.68,Liquidado,0,B
503874,1183,101,2025-01-16,2164.17,Em Atraso,60,E
503875,1050,103,2025-01-08,5472.03,Em Dia,0,A
503876,1142,103,2025-04-14,11011.83,Em Dia,0,A
503877,1118,102,2025-02-28,61508.59,Em Atraso,59,A
503878,1202,103,2025-11-09,15996.21,Em Atraso,66,A
503879,1227,101,2025-02-09,2579.0,Liquidado,0,B
503880,1137,102,2025-08-25,41867.44,Liquidado,0,A
503881,1227,101,2025-04-04,1834.67,Em Dia,0,E
503882,1139,101,2025-08-10,1327.76,Liquidado,0,C
503883,1191,103,2025-07-23,18512.82,Em Dia,0,A
503884,1108,104,2025-05-18,33811.67,Liquidado,0,D
503885,1204,102,2025-10-27,62588.72,Em Dia,0,A
503886,1067,101,2025-07-26,4494.57,Liquidado,0,E
503887,1181,103,2025-12-02,12097.33,Liquidado,0,A
503888,1167,103,2025-03-22,14851.13,Liquidado,0,A
503889,1078,103,2025-08-06,12280.13,Liquidado,0,B
503890,1184,103,2025-01-02,17013.32,Liquidado,0,A
503891,1156,102,2025-06-27,53921.07,Em Dia,0,A
503892,1075,103,2025-12-12,13341.94,Em Dia,0,A
503893,1039,101,2025-10-06,2541.4,Em Dia,0,C
503894,1025,101,2025-05-26,8177.63,Em Atraso,75,C
503895,1021,101,2025-11-14,13216.52,Em Dia,0,C
503896,1138,102,2025-08-12,31658.21,Liquidado,0,A
503897,1171,104,2025-03-03,142843.27,Liquidado,0,B
503898,1015,103,2025-10-21,9130.12,Liquidado,0,A
503899,1211,101,2025-08-27,12438.2,Em Dia,0,B
503900,1048,101,2025-07-14,2528.84,Liquidado,0,B
503901,1086,101,2025-06-15,13377.23,Em Dia,0,B
503902,1149,101,2025-08-10,2098.86,Em Dia,0,B
503903,1188,103,2025-03-02,16115.63,Liquidado,0,A
503904,1116,104,2025-05-09,118916.26,Em Dia,0,E
503905,1236,104,2025-06-22,417122.76,Em Dia,0,B
503906,1224,103,2025-06-05,27538.66,Liquidado,0,A
503907,1050,103,2025-04-20,13081.97,Em Dia,0,C
503908,1151,102,2025-09-26,53848.08,Liquidado,0,B
503909,1141,101,2025-12-22,2770.58,Em Dia,0,E
503910,1069,102,2025-10-05,45099.15,Em Dia,0,A
503911,1004,102,2025-03-15,61069.36,Em Dia,0,A
503912,1220,103,2025-07-26,12715.96,Em Dia,0,A
503913,1078,101,2025-10-06,9071.37,Em Dia,0,B
503914,1200,101,2025-11-22,9168.97,Em Dia,0,B
503915,1009,101,2025-12-06,16296.8,Liquidado,0,B
503916,1121,104,2025-12-23,34304.88,Liquidado,0,D
503917,1115,102,2025-12-06,43250.44,Liquidado,0,A
503918,1163,103,2025-07-23,16634.37,Liquidado,0,C
503919,1101,103,2025-06-10,16781.09,Liquidado,0,A
503920,1149,101,2025-01-28,3641.69,Em Atraso,67,C
503921,1186,102,2025-09-14,38089.03,Liquidado,0,A
503922,1146,103,2025-06-14,23191.08,Liquidado,0,C
503923,1097,102,2025-03-04,62699.47,Em Dia,0,A
503924,1200,104,2025-01-22,204421.5,Liquidado,0,C
503925,1243,101,2025-03-11,17400.0,Em Dia,0,C
503926,1241,101,2025-04-06,4789.07,Em Dia,0,B
503927,1081,103,2025-06-12,16952.05,Liquidado,0,B
503928,1043,103,2025-03-20,24418.85,Em Dia,0,A
503929,1095,104,2025-01-05,31477.26,Em Dia,0,C
503930,1226,103,2025-11-12,12659.17,Em Dia,0,B
503931,1006,104,2025-04-30,63062.82,Em Dia,0,E
503932,1214,103,2025-10-29,10409.35,Em Dia,0,B
503933,1206,103,2025-06-27,16475.3,Em Dia,0,B
503934,1067,102,2025-06-25,61600.13,Liquidado,0,A
503935,1140,101,2025-08-05,6525.17,Liquidado,0,C
503936,1100,104,2025-02-25,24181.75,Liquidado,0,B
503937,1012,102,2025-07-06,43649.34,Liquidado,0,A
503938,1237,102,2025-08-20,56696.7,Liquidado,0,A
503939,1066,102,2025-09-12,48424.98,Em Dia,0,B
503940,1002,102,2025-04-14,24125.22,Liquidado,0,A
503941,1143,102,2025-03-18,13636.03,Em Dia,0,A
503942,1151,101,2025-08-18,4754.17,Em Dia,0,D
503943,1157,103,2025-09-15,17386.17,Em Dia,0,C
503944,1081,102,2025-09-21,74841.72,Em Dia,0,B
503945,1224,102,2025-11-27,71038.19,Em Dia,0,A
503946,1135,101,2025-07-01,1565.49,Em Dia,0,C
503947,1222,101,2025-09-13,3809.3,Em Atraso,66,C
503948,1156,101,2025-02-07,23002.81,Liquidado,0,C
503949,1142,103,2025-06-25,19998.38,Em Dia,0,A
503950,1172,101,2025-01-27,1258.56,Liquidado,0,C
503951,1158,104,2025-10-03,105167.25,Em Dia,0,D
503952,1209,101,2025-05-20,1892.35,Liquidado,0,B
503953,1160,101,2025-10-26,1360.49,Em Dia,0,C
503954,1238,101,2025-10-14,1320.84,Em Dia,0,C
503955,1070,101,2025-04-01,3030.97,Em Dia,0,C
503956,1115,103,2025-03-02,20342.22,Em Dia,0,A
503957,1088,103,2025-12-31,13499.08,Liquidado,0,A
503958,1006,103,2025-12-13,16533.37,Em Dia,0,A
503959,1027,101,2025-06-12,9104.78,Em Atraso,88,E
503960,1082,101,2025-12-17,1598.38,Em Atraso,45,B
503961,1088,102,2025-05-23,75559.61,Liquidado,0,A
503962,1229,104,2025-09-10,320939.19,Liquidado,0,B
503963,1120,101,2025-09-26,5687.41,Em Dia,0,D
503964,1024,103,2025-10-18,17977.7,Em Atraso,22,B
503965,1102,102,2025-07-06,41998.81,Em Dia,0,A
503966,1034,101,2025-10-31,3812.35,Liquidado,0,B
503967,1168,102,2025-10-18,54123.96,Liquidado,0,A
503968,1047,101,2025-03-27,6549.53,Liquidado,0,B
503969,1207,103,2025-06-15,15817.78,Em Dia,0,A
503970,1203,101,2025-04-24,6229.18,Em Dia,0,C
503971,1214,103,2025-12-22,13703.71,Em Dia,0,A
503972,1246,101,2025-07-02,8847.53,Em Dia,0,B
503973,1024,104,2025-07-26,107022.2,Em Dia,0,C
503974,1065,101,2025-09-13,15841.57,Em Dia,0,B
503975,1018,103,2025-08-23,8835.87,Liquidado,0,A
503976,1044,103,2025-12-21,13530.99,Em Dia,0,C
503977,1076,104,2025-01-03,63249.71,Em Dia,0,C
503978,1057,102,2025-07-27,43980.64,Em Dia,0,A
503979,1107,103,2025-07-16,13116.68,Liquidado,0,A
503980,1156,101,2025-12-07,1357.16,Liquidado,0,D
503981,1232,101,2025-05-05,5334.71,Em Dia,0,D
503982,1124,102,2025-05-18,58120.69,Em Dia,0,A
503983,1199,101,2025-12-05,14273.95,Em Dia,0,D
503984,1151,104,2025-01-25,59210.33,Em Dia,0,B
503985,1213,101,2025-03-09,2313.49,Em Dia,0,D
503986,1162,102,2025-03-02,74384.72,Em Dia,0,A
503987,1139,103,2025-01-29,15784.49,Em Atraso,53,C
503988,1214,102,2025-01-19,52692.85,Liquidado,0,A
503989,1234,103,2025-06-20,18989.09,Em Dia,0,A
503990,1163,101,2025-03-15,4428.64,Em Atraso,69,E
503991,1116,102,2025-03-02,48737.49,Em Dia,0,A
503992,1093,101,2025-06-02,15543.24,Em Atraso,75,E
503993,1042,104,2025-10-03,161252.17,Em Atraso,134,F
503994,1028,103,2025-02-17,14425.59,Em Dia,0,B
503995,1123,104,2025-07-30,256928.92,Em Dia,0,B
503996,1210,101,2025-12-09,5150.84,Em Dia,0,E
503997,1206,101,2025-05-19,14798.42,Em Dia,0,D
503998,1210,101,2025-04-20,8729.27,Liquidado,0,C
503999,1220,101,2025-07-02,2050.49,Em Dia,0,D
504000,1024,101,2025-01-28,2198.93,Em Dia,0,C
504001,1136,103,2025-07-16,15456.68,Liquidado,0,A
504002,1106,101,2025-07-10,4145.78,Liquidado,0,C
504003,1118,102,2025-11-11,31650.39,Liquidado,0,A
504004,1237,103,2025-02-20,13946.44,Liquidado,0,B
504005,1053,103,2025-05-29,13800.8,Liquidado,0,A
504006,1200,101,2025-09-25,2768.69,Em Dia,0,D
504007,1132,101,2025-02-19,1871.16,Em Dia,0,C
504008,1219,102,2025-09-03,51253.8,Liquidado,0,A
504009,1100,101,2025-04-23,6602.59,Em Dia,0,D
504010,1005,103,2025-06-19,13767.79,Em Dia,0,A
504011,1225,101,2025-06-15,3448.24,Em Dia,0,D
504012,1049,103,2025-01-14,15909.38,Liquidado,0,A
504013,1098,103,2025-07-22,12342.28,Em Dia,0,B
504014,1030,103,2025-10-15,21788.45,Em Dia,0,B
504015,1072,101,2025-07-08,3546.65,Em Dia,0,E
504016,1103,101,2025-06-04,2485.09,Em Dia,0,B
504017,1063,103,2025-02-24,13206.1,Liquidado,0,C
504018,1175,102,2025-07-01,43900.72,Em Dia,0,B
504019,1026,101,2025-07-29,1035.56,Liquidado,0,B
504020,1185,101,2025-03-16,2038.65,Liquidado,0,D
504021,1037,101,2025-10-04,18391.73,Em Dia,0,C
504022,1226,103,2025-05-13,17447.61,Em Dia,0,A
504023,1007,101,2025-12-09,6510.31,Em Atraso,72,D
504024,1127,102,2025-02-28,87815.31,Em Dia,0,A
504025,1168,102,2025-12-11,46745.61,Em Dia,0,A
504026,1092,102,2025-07-01,29035.8,Liquidado,0,A
504027,1167,103,2025-12-05,19694.04,Liquidado,0,A
504028,1190,103,2025-11-17,16928.45,Em Dia,0,A
504029,1103,102,2025-03-05,52059.02,Em Dia,0,A
504030,1220,101,2025-11-23,7019.4,Em Dia,0,B
504031,1206,102,2025-09-17,45065.37,Em Dia,0,A
504032,1053,103,2025-07-12,19023.52,Em Dia,0,A
504033,1242,102,2025-05-23,20517.88,Em Dia,0,A
504034,1230,103,2025-04-14,18450.59,Em Dia,0,B
504035,1132,101,2025-08-02,7492.38,Em Dia,0,D
504036,1234,103,2025-08-30,16305.42,Em Dia,0,C
504037,1210,101,2025-07-28,6778.76,Liquidado,0,B
504038,1108,103,2025-04-03,15054.12,Liquidado,0,B
504039,1112,101,2025-05-22,1974.32,Em Atraso,8,D
504040,1153,103,2025-04-22,14692.03,Em Dia,0,A
504041,1007,101,2025-02-28,2846.77,Em Dia,0,D
504042,1230,102,2025-02-12,68973.74,Liquidado,0,A
504043,1156,103,2025-07-26,12291.66,Em Dia,0,A
504044,1197,101,2025-09-25,12488.13,Em Dia,0,B
504045,1067,103,2025-10-23,8933.37,Liquidado,0,A
504046,1108,103,2025-04-28,12148.89,Em Dia,0,A
504047,1223,102,2025-01-20,50098.22,Em Dia,0,A
504048,1111,101,2025-08-10,2800.3,Em Dia,0,B
504049,1234,102,2025-06-15,45265.49,Em Dia,0,A
504050,1250,102,2025-05-11,67511.76,Liquidado,0,A
504051,1148,102,2025-06-05,50212.39,Em Dia,0,A
504052,1083,103,2025-07-03,21982.68,Em Dia,0,A
504053,1240,102,2025-03-31,99450.76,Em Dia,0,B
504054,1124,101,2025-04-04,4021.44,Em Dia,0,C
504055,1139,101,2025-01-13,4665.57,Em Atraso,158,E
504056,1104,101,2025-11-18,4189.2,Liquidado,0,B
504057,1067,101,2025-10-20,9953.13,Em Dia,0,C
504058,1215,103,2025-08-18,9212.17,Em Dia,0,A
504059,1007,103,2025-11-18,17684.73,Em Dia,0,A
504060,1151,101,2025-10-19,3710.55,Em Dia,0,D
504061,1189,104,2025-01-26,204929.39,Em Atraso,142,E
504062,1199,102,2025-03-16,28836.11,Em Dia,0,A
504063,1110,104,2025-12-30,92778.12,Liquidado,0,B
504064,1034,103,2025-10-26,9559.54,Em Dia,0,A
504065,1106,103,2025-05-30,14965.62,Liquidado,0,B
504066,1147,101,2025-05-28,1877.15,Em Dia,0,B
504067,1058,101,2025-01-08,3239.21,Em Dia,0,D
504068,1009,101,2025-01-29,1529.34,Liquidado,0,C
504069,1048,103,2025-10-23,12071.56,Em Dia,0,A
504070,1115,101,2025-07-28,5146.04,Em Atraso,75,B
504071,1210,103,2025-05-08,12773.06,Liquidado,0,A
504072,1041,101,2025-12-06,5384.07,Em Dia,0,E
504073,1048,103,2025-04-26,14687.95,Em Dia,0,A
504074,1173,101,2025-05-24,6977.14,Em Dia,0,B
504075,1234,101,2025-11-14,1148.59,Em Dia,0,C
504076,1025,101,2025-08-23,5670.14,Liquidado,0,B
504077,1116,102,2025-01-07,59405.43,Em Dia,0,A
504078,1078,101,2025-02-14,8426.03,Em Dia,0,D
504079,1108,103,2025-08-27,11834.36,Em Dia,0,A
504080,1025,101,2025-06-04,10512.32,Em Dia,0,D
504081,1147,101,2025-06-30,2586.98,Liquidado,0,C
504082,1039,103,2025-08-03,12508.38,Em Dia,0,A
504083,1119,101,2025-03-29,1771.57,Em Dia,0,C
504084,1079,104,2025-09-13,269305.95,Em Dia,0,B
504085,1080,104,2025-03-14,1104716.88,Em Atraso,92,E
504086,1027,101,2025-06-28,4150.28,Em Dia,0,C
504087,1104,101,2025-07-31,4926.92,Em Dia,0,D
504088,1074,101,2025-10-20,4598.43,Liquidado,0,C
504089,1191,103,2025-08-22,16412.64,Liquidado,0,B
504090,1068,102,2025-08-27,46660.72,Liquidado,0,B
504091,1243,103,2025-08-11,12017.94,Em Atraso,38,C
504092,1147,103,2025-04-29,14712.39,Liquidado,0,C
504093,1028,101,2025-11-09,6753.55,Em Atraso,79,D
504094,1213,103,2025-09-21,12384.87,Em Dia,0,A
504095,1123,103,2025-07-26,20931.58,Em Dia,0,B
504096,1239,102,2025-04-05,50697.68,Liquidado,0,A
504097,1206,103,2025-08-10,12842.43,Liquidado,0,A
504098,1161,103,2025-10-03,18713.1,Em Atraso,37,A
504099,1240,101,2025-08-19,2785.22,Em Dia,0,B
504100,1138,102,2025-11-05,39318.86,Liquidado,0,A
504101,1083,102,2025-04-29,47618.18,Em Dia,0,A
504102,1030,101,2025-09-25,1987.32,Em Dia,0,B
504103,1022,104,2025-09-30,165570.21,Em Dia,0,D
504104,1003,101,2025-03-05,4820.47,Em Dia,0,E
504105,1101,103,2025-10-25,13851.17,Em Dia,0,A
504106,1105,102,2025-12-16,43239.14,Em Dia,0,A
504107,1210,101,2025-01-11,6550.79,Em Dia,0,D
504108,1203,104,2025-04-08,54448.81,Liquidado,0,D
504109,1176,103,2025-03-12,20736.02,Em Dia,0,B
504110,1002,102,2025-12-30,78865.04,Liquidado,0,A
504111,1204,101,2025-02-27,3007.22,Em Dia,0,D
504112,1054,101,2025-10-17,2264.11,Liquidado,0,D
504113,1006,101,2025-09-08,9450.36,Em Dia,0,C
504114,1107,101,2025-10-03,2592.22,Liquidado,0,E
504115,1168,102,2025-02-19,64178.87,Em Dia,0,A
504116,1236,104,2025-12-24,304683.31,Em Dia,0,B
504117,1221,102,2025-08-04,57824.66,Liquidado,0,A
504118,1123,103,2025-02-21,21207.09,Em Dia,0,A
504119,1222,103,2025-09-28,15534.04,Em Dia,0,A
504120,1002,102,2025-03-25,39750.06,Em Dia,0,A
504121,1201,103,2025-10-20,9222.34,Em Dia,0,A
504122,1111,102,2025-05-06,56279.32,Em Dia,0,A
504123,1002,103,2025-10-23,20160.88,Liquidado,0,C
504124,1093,101,2025-03-13,7814.58,Liquidado,0,B
504125,1225,101,2025-10-23,4095.8,Em Dia,0,C
504126,1202,103,2025-08-24,14355.48,Liquidado,0,B
504127,1226,102,2025-02-25,32503.33,Liquidado,0,A
504128,1236,103,2025-12-26,12349.67,Liquidado,0,A
504129,1183,104,2025-04-20,59075.35,Liquidado,0,B
504130,1200,101,2025-07-11,3955.16,Liquidado,0,C
504131,1101,102,2025-04-03,30087.71,Em Dia,0,A
504132,1246,101,2025-12-16,5014.44,Em Dia,0,E
504133,1188,103,2025-02-25,19858.42,Em Dia,0,B
504134,1097,103,2025-03-01,10985.71,Liquidado,0,B
504135,1111,101,2025-05-18,9224.74,Liquidado,0,B
504136,1006,102,2025-02-08,73901.85,Liquidado,0,B
504137,1236,103,2025-01-28,12360.9,Em Dia,0,B
504138,1127,101,2025-02-18,9055.63,Em Dia,0,C
504139,1104,103,2025-05-05,14041.1,Liquidado,0,A
504140,1237,103,2025-01-13,23390.5,Liquidado,0,A
504141,1147,104,2025-02-05,53774.63,Liquidado,0,C
504142,1224,101,2025-04-11,1852.86,Em Dia,0,B
504143,1155,101,2025-10-09,2240.76,Em Dia,0,D
504144,1001,102,2025-03-27,52786.03,Liquidado,0,A
504145,1235,101,2025-01-04,5380.31,Liquidado,0,B
504146,1244,104,2025-08-11,378274.55,Liquidado,0,C
504147,1033,101,2025-12-04,3720.6,Em Dia,0,B
504148,1040,103,2025-06-15,14014.04,Em Dia,0,A
504149,1032,102,2025-12-10,50827.16,Em Dia,0,A
504150,1197,101,2025-10-05,7273.01,Em Dia,0,C
504151,1017,101,2025-05-10,11501.55,Em Dia,0,B
504152,1126,103,2025-01-31,15274.68,Liquidado,0,A
504153,1008,102,2025-01-11,59437.35,Liquidado,0,A
504154,1057,101,2025-10-29,7040.67,Liquidado,0,B
504155,1042,104,2025-04-06,74677.44,Em Dia,0,B
504156,1098,101,2025-07-09,11000.33,Liquidado,0,C
504157,1137,102,2025-07-11,59602.12,Em Dia,0,A
504158,1120,102,2025-09-23,31234.37,Em Dia,0,A
504159,1087,101,2025-05-08,10306.81,Em Dia,0,C
504160,1163,104,2025-08-26,248164.43,Em Dia,0,C
504161,1242,101,2025-12-21,2586.61,Em Dia,0,D
504162,1199,101,2025-04-22,8997.85,Liquidado,0,C
504163,1207,101,2025-11-12,20421.54,Em Dia,0,B
504164,1181,103,2025-12-09,12863.31,Em Dia,0,A
504165,1054,102,2025-05-25,31476.84,Em Dia,0,B
504166,1084,103,2025-03-06,11648.85,Em Dia,0,B
504167,1242,101,2025-09-04,3896.62,Em Dia,0,D
504168,1025,101,2025-08-11,14188.62,Em Dia,0,C
504169,1067,103,2025-11-09,21833.67,Liquidado,0,A
504170,1190,101,2025-04-16,1843.4,Liquidado,0,B
504171,1183,103,2025-06-30,6777.89,Em Dia,0,A
504172,1174,101,2025-07-03,1383.78,Em Dia,0,B
504173,1152,103,2025-08-14,19232.39,Em Dia,0,B
504174,1226,101,2025-09-22,4276.41,Em Dia,0,B
504175,1046,103,2025-10-05,21331.27,Em Dia,0,A
504176,1022,101,2025-03-30,3121.8,Em Dia,0,C
504177,1139,101,2025-06-25,4348.08,Liquidado,0,C
504178,1176,101,2025-01-18,3829.54,Liquidado,0,B
504179,1008,101,2025-04-16,2063.8,Liquidado,0,C
504180,1039,101,2025-09-28,1998.75,Em Atraso,84,C
504181,1235,102,2025-11-15,60926.11,Liquidado,0,A
504182,1163,102,2025-06-16,39284.2,Liquidado,0,A
504183,1049,103,2025-01-13,11878.49,Em Dia,0,C
504184,1046,103,2025-12-03,13006.14,Em Dia,0,A
504185,1038,103,2025-02-01,15787.41,Em Dia,0,B
504186,1136,102,2025-02-09,52797.59,Liquidado,0,A
504187,1054,102,2025-05-28,53398.76,Liquidado,0,A
504188,1165,102,2025-08-06,40274.65,Em Dia,0,A
504189,1219,103,2025-08-07,8328.87,Liquidado,0,A
504190,1092,101,2025-03-23,4856.24,Em Dia,0,C
504191,1040,101,2025-11-29,15205.86,Em Dia,0,D
504192,1034,103,2025-07-27,13996.58,Em Dia,0,A
504193,1096,101,2025-07-20,17061.52,Em Dia,0,C
504194,1079,103,2025-11-28,9172.25,Liquidado,0,A
504195,1236,103,2025-02-07,8291.4,Em Dia,0,A
504196,1127,101,2025-07-30,5531.34,Liquidado,0,C
504197,1017,101,2025-11-23,16269.49,Em Dia,0,B
504198,1161,102,2025-09-06,34710.74,Em Dia,0,A
504199,1175,103,2025-08-15,21361.93,Em Dia,0,A
504200,1110,101,2025-02-17,2633.16,Em Dia,0,B
504201,1052,103,2025-01-18,13145.5,Em Dia,0,B
504202,1118,102,2025-10-22,39427.23,Liquidado,0,B
504203,1208,101,2025-07-15,9255.68,Em Atraso,87,B
504204,1221,101,2025-07-06,3165.59,Em Atraso,54,C
504205,1009,103,2025-12-11,12593.39,Em Dia,0,B
504206,1033,101,2025-08-12,5143.71,Em Dia,0,D
504207,1188,103,2025-11-14,24474.87,Em Dia,0,A
504208,1113,102,2025-12-31,45878.23,Liquidado,0,B
504209,1221,102,2025-12-03,46771.99,Em Dia,0,A
504210,1205,103,2025-08-17,9254.42,Em Dia,0,C
504211,1149,103,2025-03-18,14132.37,Em Dia,0,C
504212,1186,101,2025-07-07,1161.38,Em Atraso,79,C
504213,1085,101,2025-12-12,14773.98,Liquidado,0,C
504214,1197,103,2025-09-27,15923.83,Em Dia,0,A
504215,1010,102,2025-04-05,47198.54,Liquidado,0,A
504216,1006,101,2025-11-06,1954.59,Em Dia,0,B
504217,1248,104,2025-05-12,106429.61,Liquidado,0,C
504218,1115,101,2025-02-08,4394.73,Em Dia,0,D
504219,1121,101,2025-03-13,1423.38,Liquidado,0,D
504220,1141,101,2025-10-08,6478.83,Em Dia,0,B
504221,1065,103,2025-11-29,18010.0,Em Dia,0,A
504222,1020,103,2025-06-09,9941.83,Liquidado,0,C
504223,1057,101,2025-07-06,12114.68,Em Dia,0,B
504224,1239,101,2025-07-10,6271.28,Liquidado,0,B
504225,1046,101,2025-04-30,4771.64,Em Atraso,47,D
504226,1136,103,2025-08-08,17889.16,Em Dia,0,A
504227,1010,101,2025-02-22,4751.02,Liquidado,0,E
504228,1201,104,2025-08-10,106368.47,Liquidado,0,C
504229,1113,101,2025-05-11,7470.79,Em Dia,0,B
504230,1233,104,2025-08-25,189160.58,Liquidado,0,B
504231,1195,101,2025-09-03,16735.29,Em Atraso,134,E
504232,1139,103,2025-08-14,11417.25,Liquidado,0,C
504233,1012,101,2025-07-27,3022.47,Liquidado,0,B
504234,1138,101,2025-04-06,3602.11,Em Dia,0,C
504235,1153,103,2025-07-19,18026.21,Em Dia,0,C
504236,1177,103,2025-09-04,22062.24,Em Dia,0,B
504237,1177,102,2025-03-13,46292.22,Em Dia,0,A
504238,1217,103,2025-11-14,17163.31,Em Dia,0,A
504239,1011,102,2025-07-04,14708.2,Em Dia,0,A
504240,1190,103,2025-01-06,12348.04,Liquidado,0,A
504241,1118,101,2025-07-25,1122.6,Em Dia,0,B
504242,1164,102,2025-02-01,41169.43,Em Dia,0,A
504243,1039,102,2025-04-09,87864.9,Em Dia,0,A
504244,1053,101,2025-09-13,1055.54,Em Dia,0,C
504245,1218,103,2025-07-06,11517.45,Em Dia,0,A
504246,1206,101,2025-03-17,3396.92,Liquidado,0,B
504247,1231,101,2025-06-26,6016.71,Liquidado,0,B
504248,1056,102,2025-11-11,68891.03,Em Dia,0,A
504249,1104,103,2025-10-14,17896.01,Em Atraso,20,C
504250,1129,101,2025-12-15,2728.97,Liquidado,0,B
504251,1056,101,2025-09-12,2044.93,Em Dia,0,C
504252,1118,104,2025-11-21,79231.36,Em Dia,0,B
504253,1132,101,2025-07-09,8391.52,Em Dia,0,D
504254,1030,103,2025-11-04,9182.26,Liquidado,0,B
504255,1012,103,2025-12-11,18211.11,Em Dia,0,B
504256,1248,102,2025-05-07,39819.86,Em Dia,0,B
504257,1035,104,2025-10-14,219094.52,Liquidado,0,B
504258,1077,103,2025-09-11,16147.8,Liquidado,0,A
504259,1180,102,2025-08-01,65050.47,Em Dia,0,A
504260,1159,102,2025-09-07,52800.0,Liquidado,0,A
504261,1102,103,2025-03-25,8497.13,Liquidado,0,A
504262,1235,102,2025-01-13,54498.57,Liquidado,0,A
504263,1087,103,2025-02-14,17355.36,Em Atraso,27,C
504264,1196,101,2025-05-07,3906.96,Em Dia,0,B
504265,1052,101,2025-04-24,4175.52,Em Dia,0,E
504266,1080,101,2025-10-03,7740.84,Em Dia,0,B
504267,1135,101,2025-07-24,5021.17,Em Dia,0,B
504268,1022,101,2025-12-03,2637.51,Liquidado,0,B
504269,1221,103,2025-09-30,11173.18,Em Dia,0,B
504270,1075,103,2025-02-27,12341.66,Liquidado,0,A
504271,1184,103,2025-11-24,8645.99,Em Dia,0,B
504272,1225,103,2025-08-07,12351.05,Liquidado,0,B
504273,1058,103,2025-04-19,11786.75,Em Dia,0,A
504274,1093,102,2025-10-06,27525.77,Liquidado,0,B
504275,1192,103,2025-06-23,24359.99,Liquidado,0,B
504276,1103,101,2025-11-24,5782.1,Em Dia,0,D
504277,1140,104,2025-09-21,213263.31,Liquidado,0,D
504278,1007,103,2025-11-11,16859.85,Liquidado,0,A
504279,1128,101,2025-04-21,1678.77,Liquidado,0,B
504280,1055,102,2025-07-06,53419.21,Liquidado,0,A
504281,1231,102,2025-09-26,45195.87,Em Dia,0,A
504282,1106,101,2025-08-17,7114.33,Liquidado,0,B
504283,1062,102,2025-06-05,27886.32,Liquidado,0,A
504284,1240,101,2025-07-08,1213.74,Liquidado,0,D
504285,1090,101,2025-09-29,15001.85,Em Dia,0,C
504286,1232,104,2025-01-02,247486.9,Em Dia,0,D
504287,1201,103,2025-09-03,14506.13,Liquidado,0,B
504288,1233,103,2025-07-29,17764.4,Liquidado,0,B
504289,1098,103,2025-10-13,18980.47,Liquidado,0,A
504290,1237,101,2025-12-25,2821.11,Em Dia,0,C
504291,1077,102,2025-01-13,32315.34,Em Dia,0,A
504292,1183,103,2025-04-06,11987.55,Em Dia,0,A
504293,1119,104,2025-08-09,79580.12,Em Dia,0,B
504294,1036,101,2025-08-26,6490.51,Em Dia,0,B
504295,1089,103,2025-04-04,15304.41,Em Dia,0,B
504296,1152,104,2025-12-04,651864.75,Em Dia,0,B
504297,1172,103,2025-09-26,15982.91,Liquidado,0,B
504298,1145,104,2025-06-20,153919.59,Em Atraso,68,B
504299,1130,101,2025-04-04,14904.45,Em Dia,0,C
504300,1141,104,2025-05-29,199554.1,Liquidado,0,B
504301,1159,103,2025-04-22,19393.67,Liquidado,0,B
504302,1093,101,2025-02-24,3675.6,Em Dia,0,C
504303,1114,104,2025-12-03,143950.82,Em Dia,0,F
504304,1028,102,2025-04-26,65169.38,Liquidado,0,A
504305,1188,102,2025-05-23,62050.9,Em Dia,0,A
504306,1155,102,2025-07-20,68468.35,Em Dia,0,B
504307,1143,101,2025-06-29,6828.69,Em Dia,0,E
504308,1223,102,2025-07-21,29118.56,Liquidado,0,A
504309,1232,103,2025-12-30,16318.45,Liquidado,0,A
504310,1207,101,2025-02-22,1908.9,Liquidado,0,B
504311,1033,101,2025-06-29,9104.12,Em Dia,0,B
504312,1020,101,2025-11-09,7904.67,Em Dia,0,B
504313,1170,102,2025-11-04,16619.8,Liquidado,0,B
504314,1140,103,2025-05-17,18932.67,Em Dia,0,A
504315,1101,103,2025-07-01,10353.46,Liquidado,0,B
504316,1201,104,2025-01-01,599381.29,Em Atraso,61,E
504317,1023,103,2025-02-13,4311.17,Liquidado,0,B
504318,1200,101,2025-08-15,2226.51,Liquidado,0,B
504319,1224,104,2025-11-27,157130.76,Em Dia,0,C
504320,1112,103,2025-04-08,10656.19,Liquidado,0,A
504321,1014,102,2025-07-27,58601.51,Em Atraso,44,A
504322,1091,103,2025-09-22,18503.9,Em Dia,0,A
504323,1153,104,2025-10-15,88503.28,Liquidado,0,B
504324,1077,103,2025-09-28,15171.62,Em Dia,0,C
504325,1247,101,2025-05-20,25783.95,Em Dia,0,E
504326,1085,103,2025-08-25,13514.47,Em Dia,0,A
504327,1109,101,2025-03-13,1587.93,Em Dia,0,C
504328,1031,101,2025-06-04,6146.46,Em Dia,0,C
504329,1229,102,2025-07-09,25847.42,Em Dia,0,A
504330,1240,101,2025-09-25,2828.92,Liquidado,0,D
504331,1122,101,2025-11-17,5583.25,Liquidado,0,C
504332,1107,101,2025-04-17,3898.08,Em Dia,0,C
504333,1054,103,2025-08-20,20180.12,Em Dia,0,A
504334,1133,103,2025-02-11,17831.8,Liquidado,0,B
504335,1141,104,2025-07-09,106333.72,Em Dia,0,C
504336,1156,101,2025-05-19,3035.39,Liquidado,0,C
504337,1043,102,2025-04-13,33856.61,Em Dia,0,A
504338,1089,104,2025-06-20,56482.0,Liquidado,0,B
504339,1115,101,2025-12-17,1892.86,Liquidado,0,B
504340,1099,103,2025-09-30,16732.75,Em Dia,0,A
504341,1047,103,2025-08-09,13057.48,Em Dia,0,A
504342,1231,101,2025-08-01,1270.64,Em Atraso,77,E
504343,1071,103,2025-12-07,11210.69,Em Dia,0,A
504344,1166,103,2025-02-25,17560.45,Liquidado,0,A
504345,1224,101,2025-12-08,9083.36,Liquidado,0,C
504346,1067,101,2025-04-12,2157.99,Em Dia,0,B
504347,1062,101,2025-07-11,1317.08,Em Dia,0,B
504348,1109,101,2025-11-06,1649.03,Liquidado,0,C
504349,1167,102,2025-07-19,26114.41,Em Dia,0,A
504350,1037,102,2025-08-21,71632.01,Em Dia,0,A
504351,1119,101,2025-08-15,6067.24,Em Dia,0,C
504352,1242,104,2025-05-19,171441.98,Em Dia,0,C
504353,1086,101,2025-12-10,5420.88,Liquidado,0,B
504354,1126,101,2025-11-01,2507.04,Em Atraso,65,E
504355,1136,101,2025-05-29,3594.51,Liquidado,0,B
504356,1209,102,2025-04-25,51202.55,Em Dia,0,A
504357,1052,102,2025-03-04,18868.24,Em Dia,0,A
504358,1091,101,2025-04-14,5637.09,Em Dia,0,B
504359,1033,101,2025-12-05,9021.79,Em Dia,0,E
504360,1238,103,2025-12-25,15402.36,Em Atraso,49,C
504361,1081,104,2025-06-05,86839.94,Liquidado,0,D
504362,1042,101,2025-09-30,2716.65,Em Atraso,64,E
504363,1204,101,2025-01-06,5614.47,Em Dia,0,E
504364,1112,103,2025-05-27,23958.89,Liquidado,0,B
504365,1238,103,2025-07-03,19642.32,Liquidado,0,C
504366,1126,101,2025-01-28,2894.93,Liquidado,0,B
504367,1155,104,2025-02-07,383870.91,Em Dia,0,D
504368,1240,102,2025-04-29,70662.44,Em Dia,0,A
504369,1136,102,2025-10-20,32547.82,Liquidado,0,A
504370,1151,103,2025-09-01,14328.34,Liquidado,0,A
504371,1106,104,2025-03-09,160879.76,Liquidado,0,C
504372,1125,103,2025-08-02,18592.5,Em Dia,0,C
504373,1113,101,2025-08-06,8557.55,Liquidado,0,D
504374,1064,101,2025-06-26,2856.96,Liquidado,0,C
504375,1123,102,2025-10-26,61184.54,Em Dia,0,A
504376,1221,101,2025-06-13,1571.83,Em Dia,0,B
504377,1114,103,2025-02-27,18004.29,Em Dia,0,A
504378,1020,103,2025-09-26,17079.07,Liquidado,0,A
504379,1016,103,2025-11-04,16501.62,Em Dia,0,A
504380,1145,104,2025-02-27,202651.46,Em Dia,0,B
504381,1208,101,2025-10-15,3935.08,Em Dia,0,C
504382,1019,103,2025-04-15,13181.79,Em Dia,0,C
504383,1120,103,2025-08-16,13383.99,Em Dia,0,A
504384,1248,101,2025-09-04,12674.71,Em Dia,0,E
504385,1136,103,2025-07-07,8415.29,Em Dia,0,B
504386,1166,101,2025-03-24,4019.54,Liquidado,0,D
504387,1038,103,2025-07-05,16372.46,Em Atraso,6,B
504388,1181,102,2025-09-09,61521.42,Liquidado,0,A
504389,1093,101,2025-12-21,4886.63,Em Dia,0,B
504390,1105,103,2025-08-26,11120.57,Em Dia,0,C
504391,1100,103,2025-12-26,3789.56,Em Dia,0,A
504392,1090,101,2025-07-03,4143.1,Em Dia,0,D
504393,1159,101,2025-10-11,2666.49,Liquidado,0,D
504394,1044,102,2025-07-29,38295.98,Em Dia,0,A
504395,1188,102,2025-10-31,62242.37,Em Atraso,32,A
504396,1076,103,2025-10-23,12247.17,Liquidado,0,A
504397,1247,104,2025-04-07,102714.53,Liquidado,0,C
504398,1145,102,2025-07-27,42772.09,Liquidado,0,A
504399,1079,103,2025-05-17,14978.35,Em Dia,0,C
504400,1073,102,2025-07-03,67510.86,Liquidado,0,A
504401,1167,103,2025-03-17,16415.91,Em Dia,0,A
504402,1170,101,2025-10-14,7471.37,Em Dia,0,B
504403,1176,101,2025-05-22,4803.95,Em Dia,0,B
504404,1140,103,2025-08-25,22570.61,Liquidado,0,A
504405,1096,101,2025-01-25,3701.4,Liquidado,0,B
504406,1089,103,2025-10-17,13398.28,Liquidado,0,B
504407,1103,103,2025-03-08,10727.46,Liquidado,0,A
504408,1146,101,2025-09-07,8741.32,Liquidado,0,B
504409,1207,102,2025-04-28,33694.55,Liquidado,0,A
504410,1224,103,2025-03-14,15852.36,Em Dia,0,A
504411,1006,103,2025-10-09,24246.44,Em Dia,0,A
504412,1122,101,2025-12-26,2489.13,Em Dia,0,B
504413,1236,101,2025-01-10,1814.65,Em Dia,0,C
504414,1171,103,2025-07-30,14700.69,Em Dia,0,A
504415,1116,102,2025-11-19,46600.33,Em Dia,0,A
504416,1163,101,2025-06-01,1506.79,Em Atraso,44,D
504417,1226,101,2025-01-05,2265.26,Liquidado,0,B
504418,1230,103,2025-07-14,12476.58,Liquidado,0,A
504419,1248,103,2025-10-10,14719.94,Em Dia,0,A
504420,1182,104,2025-04-23,337042.22,Em Dia,0,C
504421,1249,103,2025-09-28,15439.71,Em Dia,0,A
504422,1062,104,2025-06-12,21507.52,Em Dia,0,C
504423,1197,101,2025-04-15,3642.15,Em Dia,0,D
504424,1210,103,2025-06-30,14031.82,Em Dia,0,A
504425,1144,101,2025-02-13,9640.82,Liquidado,0,D
504426,1136,103,2025-10-09,9342.52,Em Dia,0,A
504427,1089,102,2025-06-24,21300.81,Em Dia,0,A
504428,1096,101,2025-06-11,5331.39,Liquidado,0,D
504429,1126,103,2025-12-17,19449.78,Em Dia,0,A
504430,1090,103,2025-12-06,17268.05,Em Dia,0,B
504431,1244,101,2025-05-20,2843.67,Em Dia,0,D
504432,1086,103,2025-05-12,14132.37,Liquidado,0,A
504433,1159,101,2025-03-28,7132.35,Liquidado,0,B
504434,1235,102,2025-06-25,30647.76,Liquidado,0,A
504435,1138,103,2025-07-02,17713.86,Liquidado,0,B
504436,1184,101,2025-05-09,8739.8,Em Dia,0,C
504437,1121,104,2025-09-03,116583.76,Liquidado,0,D
504438,1076,101,2025-03-30,2823.59,Em Atraso,45,C
504439,1245,103,2025-03-07,16749.25,Liquidado,0,A
504440,1092,103,2025-06-07,12591.54,Em Dia,0,A
504441,1070,101,2025-05-29,1059.79,Em Dia,0,C
504442,1148,101,2025-12-06,2244.14,Em Dia,0,D
504443,1133,103,2025-04-26,14085.46,Em Dia,0,A
504444,1023,103,2025-08-02,7909.75,Liquidado,0,A
504445,1137,101,2025-10-21,1346.69,Em Dia,0,D
504446,1058,102,2025-09-10,34782.84,Em Dia,0,A
504447,1187,101,2025-05-23,15377.12,Em Dia,0,B
504448,1221,101,2025-09-07,8271.91,Liquidado,0,C
504449,1208,102,2025-10-29,67709.65,Liquidado,0,B
504450,1182,101,2025-01-25,2433.6,Em Dia,0,C
504451,1046,103,2025-10-04,12781.69,Em Dia,0,A
504452,1022,103,2025-03-11,20534.8,Em Dia,0,A
504453,1192,104,2025-04-23,305825.22,Liquidado,0,C
504454,1008,103,2025-12-29,12524.09,Em Dia,0,A
504455,1123,104,2025-04-22,149947.13,Em Dia,0,F
504456,1020,102,2025-12-30,43176.49,Em Dia,0,A
504457,1179,103,2025-10-30,17185.56,Em Dia,0,A
504458,1078,104,2025-04-01,84056.59,Em Dia,0,C
504459,1039,103,2025-01-18,18120.78,Em Dia,0,A
504460,1037,101,2025-05-29,6419.14,Em Dia,0,B
504461,1178,103,2025-08-15,9984.39,Liquidado,0,A
504462,1162,104,2025-08-02,101351.31,Em Dia,0,F
504463,1075,103,2025-12-26,19032.55,Em Dia,0,A
504464,1118,102,2025-05-31,64575.89,Liquidado,0,A
504465,1104,103,2025-07-11,13805.34,Liquidado,0,A
504466,1161,104,2025-02-09,302378.28,Em Dia,0,B
504467,1031,101,2025-08-30,1703.86,Em Dia,0,D
504468,1123,103,2025-05-18,9045.31,Liquidado,0,A
504469,1054,101,2025-12-11,2053.75,Em Atraso,48,C
504470,1172,103,2025-06-29,14998.36,Liquidado,0,A
504471,1034,103,2025-07-19,8299.37,Liquidado,0,A
504472,1242,101,2025-07-22,4481.65,Em Dia,0,B
504473,1199,101,2025-03-02,8124.9,Em Dia,0,B
504474,1122,103,2025-07-11,16376.31,Liquidado,0,A
504475,1113,101,2025-01-05,1991.06,Em Dia,0,D
504476,1246,101,2025-08-25,1250.34,Em Dia,0,E
504477,1062,103,2025-06-30,14318.37,Em Dia,0,B
504478,1023,101,2025-11-07,10876.61,Em Atraso,78,E
504479,1046,102,2025-02-06,55609.29,Em Dia,0,A
504480,1056,104,2025-02-25,349432.75,Em Atraso,47,D
504481,1135,101,2025-08-25,4044.64,Em Dia,0,D
504482,1118,101,2025-12-24,1962.87,Liquidado,0,B
504483,1217,103,2025-12-15,11711.6,Em Dia,0,A
504484,1189,103,2025-07-16,9997.04,Em Dia,0,B
504485,1131,104,2025-03-14,342613.24,Em Dia,0,C
504486,1166,104,2025-02-28,28902.54,Liquidado,0,E
504487,1212,103,2025-08-28,12168.64,Em Dia,0,C
504488,1162,101,2025-01-02,9480.66,Liquidado,0,B
504489,1113,101,2025-12-26,5525.76,Em Dia,0,E
504490,1044,101,2025-07-07,14768.53,Em Dia,0,D
504491,1128,101,2025-11-03,3863.15,Liquidado,0,B
504492,1108,103,2025-01-30,20601.22,Em Atraso,45,C
504493,1158,103,2025-09-24,16279.69,Em Dia,0,A
504494,1017,101,2025-04-18,2269.18,Em Dia,0,B
504495,1059,103,2025-11-28,19124.63,Em Dia,0,C
504496,1138,101,2025-03-31,4294.14,Em Dia,0,C
504497,1099,102,2025-07-24,59580.07,Liquidado,0,A
504498,1084,103,2025-08-08,14669.69,Liquidado,0,B
504499,1146,102,2025-04-04,59465.44,Liquidado,0,A
504500,1045,102,2025-04-13,75063.75,Liquidado,0,A
504501,1108,101,2025-08-11,6907.24,Liquidado,0,B
504502,1219,102,2025-07-05,54502.93,Em Dia,0,B
504503,1187,103,2025-07-03,16283.73,Em Dia,0,A
504504,1062,104,2025-06-11,164700.44,Liquidado,0,C
504505,1059,102,2025-09-04,32721.13,Em Dia,0,A
504506,1177,102,2025-01-31,40276.8,Liquidado,0,B
504507,1228,103,2025-02-21,19658.2,Em Dia,0,B
504508,1191,104,2025-12-11,64224.0,Liquidado,0,B
504509,1215,101,2025-03-17,4564.3,Liquidado,0,E
504510,1160,102,2025-10-05,44092.12,Em Dia,0,A
504511,1138,103,2025-02-09,18158.83,Em Dia,0,A
504512,1011,103,2025-04-11,13276.23,Em Dia,0,C
504513,1102,101,2025-04-21,1950.17,Em Dia,0,B
504514,1070,103,2025-11-17,17435.65,Liquidado,0,A
504515,1123,101,2025-09-06,17478.51,Liquidado,0,B
504516,1233,102,2025-07-10,63702.51,Em Dia,0,A
504517,1190,102,2025-07-01,50889.59,Liquidado,0,A
504518,1175,103,2025-12-01,12278.72,Liquidado,0,B
504519,1034,102,2025-07-28,59509.75,Liquidado,0,A
504520,1228,101,2025-01-22,14018.52,Em Dia,0,E
504521,1101,101,2025-06-15,3502.27,Em Dia,0,B
504522,1145,103,2025-04-09,7594.75,Liquidado,0,A
504523,1232,101,2025-07-27,10597.53,Em Dia,0,C
504524,1104,102,2025-01-08,39379.74,Em Dia,0,B
504525,1182,101,2025-07-09,1706.54,Em Dia,0,C
504526,1204,103,2025-06-24,13853.7,Liquidado,0,A
504527,1213,102,2025-09-30,29923.67,Liquidado,0,A
504528,1040,101,2025-01-17,3665.7,Liquidado,0,C
504529,1019,101,2025-03-31,5769.76,Em Dia,0,B
504530,1067,103,2025-05-21,18612.58,Em Dia,0,A
504531,1082,102,2025-05-25,73299.17,Liquidado,0,A
504532,1181,103,2025-06-15,18678.9,Em Dia,0,C
504533,1243,103,2025-12-03,18829.31,Liquidado,0,A
504534,1064,104,2025-03-19,214759.77,Em Dia,0,E
504535,1083,101,2025-09-19,6162.35,Em Atraso,27,D
504536,1047,104,2025-06-12,40671.16,Em Dia,0,B
504537,1006,101,2025-01-14,13549.78,Em Atraso,15,C
504538,1016,101,2025-08-27,5561.36,Liquidado,0,B
504539,1200,103,2025-03-13,15611.33,Liquidado,0,A
504540,1240,101,2025-05-23,1321.8,Liquidado,0,B
504541,1146,101,2025-11-06,4616.84,Em Dia,0,B
504542,1180,101,2025-10-10,5462.44,Em Dia,0,C
504543,1176,103,2025-09-26,15916.88,Liquidado,0,A
504544,1171,102,2025-08-29,51788.54,Em Dia,0,A
504545,1039,103,2025-09-02,14637.67,Em Dia,0,A
504546,1177,103,2025-06-12,5008.94,Liquidado,0,A
504547,1113,103,2025-03-01,18852.3,Liquidado,0,B
504548,1140,101,2025-01-06,11553.83,Liquidado,0,B
504549,1237,104,2025-07-16,32526.52,Liquidado,0,E
504550,1138,101,2025-02-27,1819.9,Em Dia,0,E
504551,1071,101,2025-11-01,8928.31,Liquidado,0,B
504552,1110,101,2025-08-05,21823.5,Em Dia,0,C
504553,1055,102,2025-01-26,48732.96,Em Dia,0,B
504554,1129,101,2025-10-30,2984.74,Liquidado,0,B
504555,1049,101,2025-01-05,3791.09,Em Dia,0,E
504556,1164,101,2025-01-20,13095.31,Em Atraso,61,D
504557,1021,101,2025-07-17,11248.14,Em Dia,0,D
504558,1037,103,2025-02-28,18976.68,Liquidado,0,A
504559,1116,103,2025-08-30,18878.02,Liquidado,0,A
504560,1024,103,2025-05-26,18714.39,Liquidado,0,A
504561,1055,101,2025-09-30,9335.33,Em Atraso,167,E
504562,1025,101,2025-09-06,6024.13,Em Dia,0,C
504563,1135,104,2025-01-14,279116.96,Em Dia,0,B
504564,1127,101,2025-01-13,8742.32,Em Dia,0,C
504565,1234,103,2025-02-13,14614.06,Em Dia,0,A
504566,1209,101,2025-01-19,2987.03,Liquidado,0,B
504567,1093,104,2025-03-04,123594.35,Em Dia,0,D
504568,1094,101,2025-08-27,3492.6,Em Dia,0,C
504569,1071,102,2025-12-03,41451.53,Em Dia,0,B
504570,1225,103,2025-04-10,13852.33,Liquidado,0,A
504571,1199,102,2025-06-12,54010.87,Em Dia,0,A
504572,1122,101,2025-05-02,16744.45,Liquidado,0,D
504573,1024,102,2025-02-13,69301.55,Liquidado,0,B
504574,1011,103,2025-12-26,13159.74,Liquidado,0,A
504575,1073,101,2025-11-13,8374.14,Liquidado,0,B
504576,1012,101,2025-05-25,9503.55,Liquidado,0,C
504577,1035,102,2025-11-23,61024.98,Liquidado,0,A
504578,1191,101,2025-12-29,6596.62,Em Atraso,105,E
504579,1196,103,2025-02-19,14818.11,Em Dia,0,A
504580,1228,101,2025-03-06,3482.26,Em Dia,0,B
504581,1220,102,2025-12-21,61523.53,Em Dia,0,A
504582,1185,101,2025-10-15,4620.02,Em Dia,0,C
504583,1141,102,2025-06-13,43167.8,Em Dia,0,A
504584,1023,101,2025-05-21,6192.91,Liquidado,0,C
504585,1083,101,2025-11-10,16129.39,Em Dia,0,D
504586,1234,101,2025-05-08,1863.33,Em Dia,0,D
504587,1229,104,2025-08-27,94172.46,Em Dia,0,C
504588,1167,101,2025-11-20,1324.51,Em Dia,0,D
504589,1088,103,2025-10-23,16496.68,Liquidado,0,A
504590,1080,101,2025-07-06,1900.43,Liquidado,0,B
504591,1097,101,2025-07-27,2156.26,Liquidado,0,C
504592,1140,102,2025-08-08,36484.85,Em Dia,0,A
504593,1034,102,2025-07-09,26433.28,Liquidado,0,A
504594,1199,104,2025-12-12,58557.07,Em Dia,0,D
504595,1075,104,2025-10-11,399125.35,Liquidado,0,D
504596,1159,103,2025-12-18,23313.82,Liquidado,0,A
504597,1221,103,2025-08-25,15815.77,Em Dia,0,A
504598,1128,102,2025-07-13,34065.1,Em Dia,0,A
504599,1190,101,2025-10-14,7738.27,Em Dia,0,C
504600,1141,104,2025-09-16,74060.44,Liquidado,0,D
504601,1031,103,2025-09-03,8227.24,Em Dia,0,B
504602,1130,102,2025-05-16,40870.11,Em Dia,0,A
504603,1103,101,2025-10-07,22356.72,Em Dia,0,B
504604,1015,101,2025-09-28,3310.8,Liquidado,0,B
504605,1057,104,2025-06-20,61098.67,Liquidado,0,B
504606,1075,101,2025-06-08,1045.29,Em Dia,0,D
504607,1034,102,2025-07-20,59553.33,Em Dia,0,A
504608,1103,101,2025-02-14,9899.28,Liquidado,0,C
504609,1196,103,2025-09-21,21182.11,Em Dia,0,A
504610,1075,101,2025-03-12,7574.51,Em Dia,0,C
504611,1029,103,2025-12-30,19060.67,Liquidado,0,A
504612,1194,101,2025-04-13,4881.26,Em Dia,0,D
504613,1016,103,2025-05-05,18233.01,Liquidado,0,B
504614,1167,103,2025-11-09,17215.34,Em Dia,0,A
504615,1077,101,2025-10-13,3530.0,Liquidado,0,D
504616,1037,102,2025-08-18,36128.1,Em Dia,0,A
504617,1081,101,2025-05-26,1904.68,Liquidado,0,D
504618,1149,101,2025-07-16,5845.21,Liquidado,0,C
504619,1172,103,2025-08-09,16406.91,Em Dia,0,A
504620,1124,102,2025-03-01,38800.63,Liquidado,0,A
504621,1019,101,2025-04-08,7667.6,Liquidado,0,C
504622,1199,101,2025-06-20,1397.41,Liquidado,0,C
504623,1102,101,2025-06-22,1338.53,Em Dia,0,D
504624,1136,103,2025-05-31,14146.28,Em Dia,0,A
504625,1077,101,2025-12-16,5478.14,Em Dia,0,C
504626,1229,104,2025-05-02,442733.59,Em Dia,0,C
504627,1194,104,2025-04-18,25878.95,Liquidado,0,B
504628,1041,101,2025-01-04,3043.18,Liquidado,0,C
504629,1203,101,2025-04-03,7503.61,Em Dia,0,B
504630,1216,103,2025-01-06,20909.78,Em Dia,0,B
504631,1198,101,2025-10-15,4653.85,Em Dia,0,B
504632,1061,101,2025-04-16,3571.41,Liquidado,0,B
504633,1026,101,2025-05-26,2324.84,Liquidado,0,B
504634,1071,102,2025-09-28,55584.88,Liquidado,0,A
504635,1249,103,2025-04-06,20690.7,Em Dia,0,A
504636,1103,101,2025-08-17,1799.89,Liquidado,0,D
504637,1211,101,2025-07-21,14585.46,Em Dia,0,B
504638,1070,104,2025-07-31,29619.65,Liquidado,0,C
504639,1107,103,2025-01-06,13994.41,Em Dia,0,A
504640,1157,102,2025-04-22,53011.22,Liquidado,0,A
504641,1107,103,2025-11-19,17685.77,Liquidado,0,A
504642,1103,102,2025-04-16,42076.77,Em Dia,0,A
504643,1194,103,2025-05-19,17747.15,Em Dia,0,A
504644,1019,101,2025-10-26,2439.86,Em Dia,0,B
504645,1068,101,2025-04-06,2928.65,Em Dia,0,D
504646,1186,103,2025-12-03,12024.46,Liquidado,0,A
504647,1070,102,2025-10-24,54846.86,Em Dia,0,A
504648,1113,104,2025-08-02,41977.54,Em Dia,0,D
504649,1057,101,2025-10-18,2714.97,Liquidado,0,B
504650,1165,104,2025-01-22,86268.89,Em Dia,0,B
504651,1061,104,2025-07-12,27334.74,Liquidado,0,C
504652,1092,101,2025-05-30,7959.91,Em Dia,0,B
504653,1030,103,2025-09-04,13276.26,Liquidado,0,A
504654,1199,102,2025-09-24,33613.65,Em Dia,0,A
504655,1201,104,2025-09-08,46613.66,Liquidado,0,B
504656,1153,102,2025-01-03,37531.85,Em Dia,0,B
504657,1225,103,2025-11-12,3952.22,Em Dia,0,B
504658,1127,102,2025-03-17,59660.39,Em Dia,0,A
504659,1193,101,2025-03-28,1855.31,Em Dia,0,C
504660,1115,101,2025-09-27,3017.32,Em Dia,0,C
504661,1006,102,2025-08-13,37176.5,Em Dia,0,A
504662,1018,103,2025-01-18,18868.96,Liquidado,0,A
504663,1010,103,2025-04-23,20524.67,Liquidado,0,B
504664,1092,103,2025-09-08,10729.47,Liquidado,0,A
504665,1139,101,2025-08-21,6033.25,Liquidado,0,B
504666,1225,102,2025-11-25,65502.53,Liquidado,0,A
504667,1193,101,2025-10-06,2413.31,Em Dia,0,B
504668,1077,103,2025-07-21,19571.66,Liquidado,0,A
504669,1101,104,2025-03-24,25064.14,Em Dia,0,F
504670,1084,102,2025-05-05,52167.17,Em Dia,0,A
504671,1193,101,2025-06-24,2711.88,Em Dia,0,B
504672,1052,101,2025-03-10,8689.68,Em Dia,0,C
504673,1195,103,2025-02-16,19288.74,Liquidado,0,A
504674,1210,103,2025-09-13,15887.81,Em Dia,0,A
504675,1233,103,2025-08-03,10081.89,Liquidado,0,A
504676,1206,101,2025-01-30,21689.0,Em Dia,0,B
504677,1031,103,2025-10-08,17939.11,Em Dia,0,A
504678,1219,103,2025-08-25,16188.05,Em Dia,0,A
504679,1145,101,2025-09-05,2531.56,Em Dia,0,C
504680,1183,102,2025-01-25,52835.29,Em Dia,0,A
504681,1110,101,2025-03-15,3255.83,Liquidado,0,B
504682,1093,102,2025-07-25,33954.48,Em Dia,0,A
504683,1164,103,2025-11-10,15541.5,Liquidado,0,C
504684,1229,102,2025-04-04,76880.2,Em Dia,0,A
504685,1154,103,2025-05-07,23977.2,Em Dia,0,A
504686,1053,102,2025-01-25,52478.04,Em Dia,0,A
504687,1145,101,2025-11-30,6118.74,Em Dia,0,C
504688,1086,102,2025-12-21,74373.22,Liquidado,0,A
504689,1153,102,2025-04-26,79115.29,Liquidado,0,A
504690,1002,101,2025-02-17,3273.27,Liquidado,0,D
504691,1247,101,2025-08-14,1047.69,Liquidado,0,C
504692,1086,102,2025-09-23,40703.8,Liquidado,0,A
504693,1133,101,2025-04-09,8508.79,Em Dia,0,B
504694,1004,101,2025-01-11,6602.95,Liquidado,0,C
504695,1164,102,2025-03-26,43217.12,Liquidado,0,A
504696,1006,101,2025-08-02,2645.13,Em Dia,0,D
504697,1244,104,2025-06-22,93460.63,Em Dia,0,F
504698,1149,101,2025-07-28,5705.66,Em Dia,0,D
504699,1205,103,2025-03-05,15853.08,Em Dia,0,A
504700,1118,102,2025-09-15,38374.35,Em Dia,0,A
504701,1229,103,2025-11-28,9796.68,Liquidado,0,A
504702,1247,101,2025-05-01,1832.88,Liquidado,0,B
504703,1089,104,2025-10-25,411277.85,Liquidado,0,C
504704,1154,102,2025-02-23,68168.45,Em Dia,0,A
504705,1183,103,2025-11-27,17326.85,Em Dia,0,A
504706,1167,101,2025-09-29,4484.56,Em Atraso,72,C
504707,1212,101,2025-08-29,2546.1,Em Dia,0,D
504708,1161,103,2025-08-31,18802.51,Em Dia,0,A
504709,1014,101,2025-01-18,2124.82,Em Dia,0,D
504710,1056,102,2025-07-06,36109.07,Em Dia,0,A
504711,1228,101,2025-12-12,7763.02,Liquidado,0,D
504712,1081,103,2025-05-24,21686.64,Em Dia,0,A
504713,1149,104,2025-09-19,352337.44,Em Dia,0,C
504714,1046,102,2025-12-30,66063.23,Liquidado,0,A
504715,1144,103,2025-08-27,15181.33,Em Dia,0,A
504716,1238,102,2025-10-31,48248.15,Liquidado,0,A
504717,1016,102,2025-10-25,24757.34,Em Dia,0,A
504718,1120,104,2025-03-17,203120.79,Em Dia,0,F
504719,1084,103,2025-07-07,17083.17,Em Dia,0,A
504720,1157,103,2025-11-29,13015.54,Liquidado,0,B
504721,1220,101,2025-09-03,1936.59,Liquidado,0,B
504722,1008,102,2025-05-10,51260.33,Liquidado,0,A
504723,1088,101,2025-11-11,3920.92,Liquidado,0,B
504724,1131,102,2025-10-10,32449.94,Liquidado,0,A
504725,1217,102,2025-03-20,60169.45,Liquidado,0,A
504726,1019,103,2025-03-13,22743.66,Em Dia,0,A
504727,1097,103,2025-09-20,12490.97,Em Dia,0,A
504728,1066,102,2025-07-10,60261.26,Em Dia,0,A
504729,1079,101,2025-03-04,3735.05,Em Atraso,41,C
504730,1086,103,2025-01-12,11929.32,Liquidado,0,A
504731,1124,101,2025-05-21,2035.74,Liquidado,0,C
504732,1202,103,2025-09-11,22974.31,Em Dia,0,A
504733,1210,101,2025-02-12,1202.66,Liquidado,0,B
504734,1150,101,2025-01-17,2082.11,Em Dia,0,B
504735,1046,104,2025-03-04,89156.81,Liquidado,0,E
504736,1113,101,2025-09-10,6291.06,Em Dia,0,E
504737,1091,102,2025-10-19,44974.3,Em Dia,0,A
504738,1141,101,2025-01-08,6013.85,Em Dia,0,C
504739,1033,104,2025-11-21,215403.29,Liquidado,0,C
504740,1133,103,2025-03-31,15247.35,Em Dia,0,A
504741,1218,101,2025-07-27,6114.0,Em Dia,0,B
504742,1077,101,2025-10-19,8584.21,Em Atraso,68,C
504743,1155,103,2025-10-11,17061.89,Em Dia,0,A
504744,1121,101,2025-04-28,11549.85,Liquidado,0,B
504745,1128,103,2025-12-15,13282.62,Em Dia,0,A
504746,1078,101,2025-06-24,3012.63,Em Atraso,65,C
504747,1152,101,2025-03-17,8403.46,Em Dia,0,D
504748,1067,103,2025-04-11,10707.57,Em Dia,0,A
504749,1239,101,2025-05-31,2005.34,Liquidado,0,D
504750,1115,103,2025-09-27,14038.28,Em Dia,0,A
504751,1063,101,2025-03-12,1206.4,Liquidado,0,D
504752,1113,101,2025-06-29,3219.09,Em Dia,0,C
504753,1094,104,2025-05-04,23404.44,Em Dia,0,C
504754,1227,102,2025-10-20,67160.09,Liquidado,0,A
504755,1048,103,2025-10-12,9528.16,Em Dia,0,A
504756,1191,101,2025-07-14,10334.43,Em Dia,0,B
504757,1206,103,2025-08-16,14833.33,Em Dia,0,A
504758,1012,103,2025-10-02,20748.83,Liquidado,0,A
504759,1156,101,2025-04-16,1827.77,Liquidado,0,C
504760,1172,103,2025-01-21,17077.34,Liquidado,0,A
504761,1221,103,2025-03-05,13584.93,Em Dia,0,A
504762,1171,101,2025-06-14,1673.46,Liquidado,0,C
504763,1145,102,2025-01-27,56054.04,Liquidado,0,A
504764,1040,102,2025-11-07,58747.47,Em Dia,0,A
504765,1177,101,2025-10-12,3532.18,Em Dia,0,C
504766,1085,102,2025-05-28,46938.91,Em Dia,0,B
504767,1057,101,2025-10-08,21940.05,Liquidado,0,D
504768,1087,102,2025-11-22,58802.36,Em Dia,0,B
504769,1084,103,2025-11-15,15913.36,Liquidado,0,B
504770,1192,102,2025-06-13,46203.8,Liquidado,0,A
504771,1203,104,2025-08-12,211105.83,Em Dia,0,D
504772,1185,101,2025-09-29,4128.42,Liquidado,0,B
504773,1121,102,2025-05-26,39418.01,Em Dia,0,A
504774,1226,103,2025-12-22,21952.44,Liquidado,0,A
504775,1202,102,2025-01-30,55678.93,Liquidado,0,A
504776,1074,102,2025-02-14,68343.34,Em Dia,0,A
504777,1107,101,2025-10-02,6845.83,Liquidado,0,D
504778,1124,101,2025-02-03,9718.17,Em Dia,0,B
504779,1198,101,2025-05-21,3929.66,Liquidado,0,B
504780,1100,104,2025-11-14,46947.21,Liquidado,0,C
504781,1216,101,2025-08-09,11987.31,Em Dia,0,B
504782,1204,103,2025-12-22,16869.3,Em Dia,0,B
504783,1043,103,2025-01-22,7302.87,Em Dia,0,C
504784,1119,101,2025-06-29,16162.84,Em Dia,0,C
504785,1023,102,2025-11-25,49668.6,Em Dia,0,A
504786,1155,103,2025-08-19,16360.31,Em Dia,0,A
504787,1186,103,2025-02-07,11331.46,Em Dia,0,A
504788,1249,101,2025-03-11,2368.65,Em Dia,0,C
504789,1237,101,2025-04-26,2916.12,Liquidado,0,D
504790,1037,101,2025-08-27,1940.33,Em Dia,0,C
504791,1134,101,2025-12-01,5280.21,Em Dia,0,D
504792,1065,102,2025-05-28,40088.66,Liquidado,0,A
504793,1134,103,2025-01-09,19330.97,Liquidado,0,A
504794,1178,101,2025-10-15,13655.78,Em Dia,0,D
504795,1022,103,2025-02-19,15862.06,Liquidado,0,B
504796,1105,103,2025-12-04,6589.32,Liquidado,0,A
504797,1088,101,2025-01-05,7080.35,Em Dia,0,B
504798,1153,101,2025-12-09,1961.73,Em Dia,0,D
504799,1125,103,2025-05-06,18048.48,Em Dia,0,A
504800,1079,103,2025-03-16,11791.76,Liquidado,0,A
504801,1090,103,2025-06-14,16922.22,Liquidado,0,B
504802,1200,101,2025-10-05,2084.95,Em Dia,0,B
504803,1051,101,2025-11-20,14904.6,Liquidado,0,C
504804,1216,101,2025-10-27,7552.43,Em Dia,0,D
504805,1176,102,2025-10-17,63504.4,Liquidado,0,A
504806,1102,103,2025-03-18,11044.53,Em Dia,0,B
504807,1198,101,2025-10-25,9724.8,Em Dia,0,B
504808,1246,103,2025-05-17,13374.07,Liquidado,0,A
504809,1227,102,2025-04-16,88500.16,Liquidado,0,B
504810,1106,103,2025-04-05,16969.83,Em Atraso,63,B
504811,1193,104,2025-05-15,203834.96,Em Atraso,41,D
504812,1060,101,2025-03-09,7119.86,Em Dia,0,C
504813,1046,104,2025-05-27,442307.93,Em Atraso,25,C
504814,1036,101,2025-06-08,10344.51,Liquidado,0,C
504815,1186,101,2025-06-12,7272.43,Em Dia,0,D
504816,1204,103,2025-12-07,12022.9,Em Dia,0,A
504817,1166,104,2025-07-08,322725.72,Liquidado,0,B
504818,1011,102,2025-12-05,71351.57,Liquidado,0,B
504819,1012,102,2025-04-05,46044.42,Liquidado,0,A
504820,1170,103,2025-06-30,17231.75,Em Dia,0,C
504821,1242,103,2025-10-15,15891.46,Liquidado,0,A
504822,1039,101,2025-11-18,4335.92,Em Atraso,56,C
504823,1199,103,2025-07-06,17063.62,Liquidado,0,A
504824,1139,102,2025-05-18,61012.7,Em Dia,0,B
504825,1036,102,2025-05-10,26195.19,Em Dia,0,A
504826,1052,102,2025-07-13,43048.09,Em Dia,0,B
504827,1031,102,2025-11-12,11804.27,Liquidado,0,A
504828,1033,104,2025-09-30,52332.38,Liquidado,0,C
504829,1141,102,2025-12-18,48341.38,Liquidado,0,A
504830,1146,104,2025-05-24,45256.03,Em Atraso,78,B
504831,1169,101,2025-01-16,4841.61,Em Dia,0,C
504832,1058,103,2025-10-29,15635.02,Liquidado,0,B
504833,1184,103,2025-09-02,20438.19,Em Dia,0,C
504834,1152,103,2025-04-17,12891.1,Liquidado,0,A
504835,1201,103,2025-03-29,15478.72,Liquidado,0,A
504836,1128,102,2025-05-09,46924.65,Em Dia,0,A
504837,1031,103,2025-12-07,11305.76,Liquidado,0,B
504838,1055,103,2025-01-04,5561.55,Liquidado,0,A
504839,1233,101,2025-11-23,3181.9,Em Dia,0,C
504840,1010,103,2025-11-02,16840.96,Liquidado,0,B
504841,1188,102,2025-04-05,75434.19,Em Dia,0,A
504842,1130,101,2025-07-28,2250.29,Em Dia,0,B
504843,1230,103,2025-08-13,14761.33,Em Dia,0,A
504844,1015,102,2025-12-14,43310.1,Liquidado,0,B
504845,1003,103,2025-11-17,12233.88,Em Dia,0,A
504846,1043,101,2025-02-16,1658.03,Em Dia,0,B
504847,1159,101,2025-06-30,9682.26,Em Dia,0,D
504848,1198,102,2025-04-16,50168.6,Liquidado,0,A
504849,1067,101,2025-07-18,4634.15,Em Dia,0,C
504850,1056,103,2025-04-16,14461.54,Liquidado,0,A
504851,1063,101,2025-10-07,2297.88,Em Dia,0,D
504852,1203,102,2025-09-17,68808.98,Em Dia,0,A
504853,1015,101,2025-04-18,6250.73,Em Dia,0,D
504854,1109,101,2025-01-19,14926.17,Em Atraso,114,E
504855,1116,103,2025-10-23,18682.44,Em Atraso,16,B
504856,1092,101,2025-11-02,3609.43,Liquidado,0,B
504857,1138,103,2025-06-20,18214.59,Liquidado,0,B
504858,1166,104,2025-11-27,117591.35,Em Dia,0,C
504859,1047,103,2025-07-14,15752.4,Em Dia,0,B
504860,1057,103,2025-01-12,17030.05,Liquidado,0,B
504861,1050,101,2025-07-14,2177.84,Em Atraso,96,E
504862,1242,101,2025-10-10,2416.08,Liquidado,0,B
504863,1071,103,2025-07-01,14175.77,Em Dia,0,B
504864,1143,103,2025-11-01,25348.51,Liquidado,0,A
504865,1146,103,2025-05-24,15061.45,Liquidado,0,A
504866,1082,103,2025-11-12,12266.69,Liquidado,0,A
504867,1116,102,2025-07-01,52277.77,Liquidado,0,A
504868,1105,101,2025-01-30,2542.69,Em Dia,0,C
504869,1088,103,2025-03-25,14213.7,Em Dia,0,A
504870,1002,103,2025-06-15,20858.44,Em Dia,0,A
504871,1104,102,2025-10-11,34147.26,Liquidado,0,A
504872,1084,103,2025-10-08,9934.39,Liquidado,0,C
504873,1226,101,2025-04-06,3724.56,Liquidado,0,B
504874,1043,101,2025-09-23,5593.09,Em Dia,0,C
504875,1154,103,2025-10-25,15295.62,Em Dia,0,A
504876,1071,103,2025-10-23,14938.44,Liquidado,0,A
504877,1166,102,2025-08-13,47305.78,Em Dia,0,A
504878,1094,101,2025-11-29,2957.4,Em Dia,0,B
504879,1042,101,2025-12-27,1096.79,Em Dia,0,B
504880,1133,103,2025-02-11,15710.9,Liquidado,0,A
504881,1139,101,2025-10-30,5630.09,Liquidado,0,C
504882,1065,103,2025-09-03,18198.55,Liquidado,0,B
504883,1034,104,2025-07-27,78211.76,Em Dia,0,B
504884,1120,103,2025-08-25,11330.46,Em Dia,0,A
504885,1001,101,2025-01-22,4649.25,Em Dia,0,B
504886,1211,103,2025-07-04,11913.05,Liquidado,0,A
504887,1130,101,2025-08-30,5197.53,Liquidado,0,C
504888,1213,101,2025-12-29,10064.03,Em Atraso,62,C
504889,1148,101,2025-10-10,17844.86,Em Dia,0,B
504890,1061,101,2025-02-10,5897.31,Liquidado,0,B
504891,1215,104,2025-12-02,22032.7,Liquidado,0,C
504892,1149,101,2025-06-11,9142.34,Liquidado,0,E
504893,1088,101,2025-06-09,3834.57,Liquidado,0,B
504894,1068,104,2025-03-30,78495.44,Em Atraso,63,C
504895,1127,101,2025-11-18,1697.01,Em Dia,0,D
504896,1140,103,2025-01-12,14924.35,Em Dia,0,A
504897,1022,101,2025-03-14,3346.28,Em Dia,0,C
504898,1148,101,2025-03-17,4395.33,Em Dia,0,C
504899,1082,104,2025-12-12,244981.48,Em Dia,0,C
504900,1129,101,2025-07-20,1651.39,Em Dia,0,D
504901,1030,102,2025-01-10,68654.53,Liquidado,0,A
504902,1126,101,2025-12-18,4228.62,Liquidado,0,B
504903,1097,101,2025-08-14,1554.07,Liquidado,0,C
504904,1024,101,2025-06-25,2405.11,Liquidado,0,B
504905,1014,101,2025-10-03,11704.93,Em Atraso,23,C
504906,1036,101,2025-02-08,6734.78,Liquidado,0,E
504907,1197,103,2025-03-01,13483.16,Liquidado,0,A
504908,1203,102,2025-03-07,47482.47,Liquidado,0,B
504909,1024,101,2025-11-17,8505.92,Em Dia,0,B
504910,1188,102,2025-05-04,41444.46,Liquidado,0,B
504911,1095,104,2025-06-13,156577.43,Liquidado,0,E
504912,1055,104,2025-06-08,141079.6,Em Atraso,75,D
504913,1205,103,2025-02-26,15066.37,Em Dia,0,A
504914,1208,103,2025-03-19,11662.87,Em Atraso,10,B
504915,1024,101,2025-07-13,1573.8,Em Atraso,13,C
504916,1205,101,2025-10-12,17165.22,Em Atraso,135,E
504917,1152,103,2025-01-15,11273.73,Em Dia,0,A
504918,1182,103,2025-01-12,18039.81,Em Dia,0,A
504919,1026,102,2025-04-11,42096.73,Em Dia,0,A
504920,1194,102,2025-06-05,59055.57,Em Dia,0,A
504921,1080,104,2025-12-06,79727.12,Em Atraso,161,F
504922,1166,103,2025-05-05,10337.77,Em Dia,0,A
504923,1238,102,2025-12-25,50009.52,Liquidado,0,A
504924,1065,103,2025-10-07,7536.67,Liquidado,0,C
504925,1241,101,2025-04-20,4817.94,Em Atraso,95,E
504926,1075,101,2025-11-30,6194.55,Em Dia,0,B
504927,1179,101,2025-12-23,18547.72,Em Dia,0,E
504928,1163,102,2025-05-26,40740.75,Liquidado,0,A
504929,1043,101,2025-08-04,5647.09,Em Atraso,59,D
504930,1029,103,2025-06-11,9947.84,Liquidado,0,A
504931,1165,101,2025-05-08,3761.14,Em Dia,0,B
504932,1081,102,2025-11-10,75646.47,Em Dia,0,A
504933,1186,101,2025-11-28,5372.92,Em Dia,0,D
504934,1054,101,2025-05-30,11387.57,Liquidado,0,B
504935,1039,103,2025-02-05,6665.89,Liquidado,0,B
504936,1042,103,2025-06-22,20117.69,Em Dia,0,A
504937,1156,104,2025-01-22,357964.3,Em Atraso,159,E
504938,1029,104,2025-07-25,25070.8,Liquidado,0,B
504939,1171,101,2025-05-07,3453.31,Em Dia,0,D
504940,1131,101,2025-12-02,9908.24,Em Dia,0,C
504941,1244,103,2025-12-22,18258.18,Em Dia,0,A
504942,1138,104,2025-08-05,28358.75,Em Dia,0,C
504943,1187,103,2025-04-06,8807.65,Em Dia,0,A
504944,1234,103,2025-06-13,13594.07,Em Dia,0,B
504945,1142,103,2025-05-28,11358.33,Em Dia,0,A
504946,1204,101,2025-01-18,2997.84,Em Atraso,25,C
504947,1175,102,2025-10-21,26750.01,Em Dia,0,B
504948,1042,103,2025-07-14,12412.54,Em Dia,0,B
504949,1094,103,2025-05-31,9555.71,Em Dia,0,C
504950,1160,101,2025-12-31,7886.51,Em Dia,0,B
504951,1032,101,2025-05-03,7123.45,Em Dia,0,D
504952,1170,101,2025-07-06,6234.92,Em Dia,0,B
504953,1160,101,2025-05-29,10113.52,Liquidado,0,C
504954,1026,104,2025-04-14,76282.01,Em Dia,0,C
504955,1115,101,2025-08-31,2930.72,Em Dia,0,D
504956,1129,101,2025-08-19,1218.9,Em Dia,0,D
504957,1056,101,2025-07-25,9096.34,Liquidado,0,B
504958,1122,103,2025-07-17,12542.28,Em Dia,0,C
504959,1106,102,2025-12-03,64163.52,Em Atraso,16,A
504960,1130,101,2025-03-28,5598.57,Em Atraso,66,C
504961,1081,101,2025-05-22,17225.7,Em Atraso,115,E
504962,1158,101,2025-11-13,2920.92,Em Dia,0,D
504963,1120,102,2025-07-18,57095.12,Em Dia,0,A
504964,1231,101,2025-02-15,3247.96,Em Dia,0,D
504965,1199,104,2025-10-15,34830.54,Em Dia,0,C
504966,1052,102,2025-01-15,41868.26,Liquidado,0,A
504967,1091,101,2025-02-13,1592.7,Em Dia,0,C
504968,1137,103,2025-06-18,19125.7,Liquidado,0,C
504969,1022,101,2025-11-06,5302.73,Em Dia,0,B
504970,1034,103,2025-02-13,13389.08,Liquidado,0,A
504971,1110,101,2025-04-08,7976.11,Liquidado,0,D
504972,1049,102,2025-09-18,48415.31,Em Dia,0,A
504973,1129,103,2025-04-19,13830.97,Em Dia,0,A
504974,1073,104,2025-10-10,261309.39,Em Dia,0,C
504975,1084,101,2025-12-09,4630.6,Liquidado,0,D
504976,1053,101,2025-04-14,2532.58,Em Dia,0,B
504977,1211,102,2025-09-13,23471.21,Em Dia,0,B
504978,1100,104,2025-07-25,556266.64,Em Dia,0,B
504979,1124,104,2025-12-01,79783.02,Liquidado,0,B
504980,1168,101,2025-02-12,4558.56,Em Dia,0,B
504981,1045,101,2025-12-19,9559.11,Liquidado,0,B
504982,1196,102,2025-09-02,34613.1,Em Dia,0,A
504983,1137,101,2025-10-14,1249.93,Liquidado,0,C
504984,1105,101,2025-12-21,12212.49,Liquidado,0,B
504985,1150,101,2025-09-30,3611.25,Liquidado,0,D
504986,1146,103,2025-03-24,11355.5,Em Dia,0,C
504987,1204,104,2025-04-20,167627.92,Em Dia,0,C
504988,1106,104,2025-07-09,55867.4,Em Atraso,31,C
504989,1043,101,2025-10-15,3665.65,Em Dia,0,B
504990,1167,102,2025-09-08,55416.58,Em Dia,0,A
504991,1201,103,2025-07-31,10470.31,Em Dia,0,A
504992,1134,101,2025-10-18,2215.51,Em Dia,0,C
504993,1211,103,2025-05-13,16336.1,Em Dia,0,C
504994,1048,102,2025-07-20,23563.03,Em Dia,0,B
504995,1126,101,2025-10-12,1024.96,Em Dia,0,C
504996,1239,102,2025-11-22,61720.02,Liquidado,0,A
504997,1007,101,2025-04-05,8426.52,Em Dia,0,C
504998,1208,103,2025-10-05,20599.87,Liquidado,0,A
504999,1197,101,2025-11-21,1022.98,Em Dia,0,B
505000,1016,101,2025-08-07,10239.01,Liquidado,0,B
